Unnamed: 0,text_id,text,Moral,ann_id,aggrement
2980,demw9h9_INCAS_random,"They already pushing that Le Pen is a Russian Puppet and Redditors just eat it up cause when its someone Right Wing who is doing well politically its Russia.

BREXIT = Russia

Trump = Russia

Le Pen = Russia

Notice the trend?",1,17,0
3146,detjlwi_INCAS_random,"&gt; I'm well aware of how they work. La Pen is likely, Macron, as well. So they'll both get to the second round. Then we'll see.

Your first claim was based on the poll results, and then you selectively ignore the polling for the second round (and all historical precedents). Great job.

&gt; Frrrt!

OK. 

",0,17,0
17113,dijssmt_INCAS_care,Macron isn't left and certainly not the herald of a left movement. But he proves that centrists can be reformists too. My impression is that many people seem to believe that centrism means stagnation.,1,17,0
37651,g8vyjr6_everyday_random,"The old asexual ""bait &amp; switch"" is what she pulled on you.  

Dont fall for it.  

Bail.",0,17,0
38100,g9kxb5o_politics_random,I think the conservative case for ubi is cutting all the red tape and beurocrocy cost. So you’re not spending $2 to give out $1. Smaller government.,1,17,0
12591,dh95suk_INCAS_loyalty,"He might've been pro-Mélenchon or pro-Fillon, both candidates I disagree with... So I might, but I'm uncertain, I just know he voted against Le Pen which can mean a lot.",0,17,0
8175,dgpvx8u_INCAS_random,"Yeah. Paris is, according to wikipedia is 22% outright immigrants (I presume ""of immigrant descent"" isn't counted) without counting in the liberal students etc

Yes, Paris is the hardest hit by the attacks but everything else weighs against a Le Pen vote.",1,17,0
8032,dgp4nbc_INCAS_random,"&gt; I wonder if he's not also paid by Russians, but far from as much as Le Pen is.

I doubt it; commies tend to be pro-Russia pro bono.",0,17,0
24073,fngx5j8_politics_random,Its go to work or be homeless for me. What would you have me do?,0,17,0
16923,dify9bv_INCAS_random,Merkel is a conservative and macron ran on deregulation and austerity u numb-nut,1,17,0
36687,g7xg73p_politics_random,"Pension? Sorry, we sold the company because it went bankrupt and new owners are not obligated.",1,17,0
16733,dicy0s8_INCAS_proportionality,"That's the power of centrism in elections with runoffs, our constitution is biased for Macron lmao",1,17,0
44958,gimox4g_everyday_random,"Right? It’s a *microwave!* You stick the food in and press a couple buttons! I can manage that when I’m operating in two hours of sleep! If he was sick or something, sure, but this is absurd.",0,17,0
8593,dgrlfu2_INCAS_random,"I'm normally an Efficient Market Hypothesis zealot, but I've bet a load of money on Macron because it looks like the betting markets have lost their mind",0,17,0
11504,dh8j7il_INCAS_random,"Macron is a former banker and a true neoliberal ( in the original sens), Marine Le Pen is far right and rules a party with neo-nazi and negationist in there.",0,17,0
46460,gkghj97_politics_random,This will show how Trump's words were taken and understood by his audience. This will be vital because Trump's defense will invariably point to him telling his audience to be peaceful. Now it can be argued that Trump intended something else despite his words.,1,17,0
23607,fmjf2ry_everyday_care,I can’t even keep up w your insults you’re obviously a genius ‘retarded monkey’ who can compete w that,0,17,0
19300,fdr2ufk_politics_random,"Nice try, but this garbage fire is officially extinguished.  You claim fraud and Barr **does not**.  You claim profiteering, Barr **does not**.  Just take your loss and move on.",0,17,0
6285,dgn70at_INCAS_random,If i were a liberal news reporter i would probably WANT to say le pen is winning so liberals who hadn't yet voted would  want to go out and even the vote,1,17,0
13914,dha11g0_INCAS_random,"Well unless it was a thing in French politics, which it wasn't, I really don't know why you keep dragging Americanisms into it. Seriously are you traumatized Le Pen lost?",1,17,0
39487,gbb2s77_politics_random,"I’ve seen so many of these threads be born and it’s beautiful every time. Welcome to the world, 55. 😢",0,17,0
40790,gcwmqj4_politics_random,That takes work and money. He's just an entertainer. I tend to like his takes. This one not so much. He made it about her because she blew him off and he got butthurt about it.,0,17,0
16334,di8s7iu_INCAS_authority,"Subject:  Macron calls on Putin to protect gay Chechens
You: Why do I need to focus on Russia?

GG
",0,17,0
22498,fkh9keu_politics_random,"Computers were the greatest thing ever made, I’d have no hobbies without computers, no video games, no anime, no good VR in the future, nothing worth living for",1,17,0
20220,fg07mvc_politics_random,"It already is, unless you view ""work or die"" as an actual voluntary choice",0,17,0
34686,g593ofo_politics_random,I’ll be voting for jo jorgensen before I vote for joe lmao,0,17,0
34662,g57s8yf_everyday_random,"Forget condoms, he should be shopping for a divorce lawyer!",0,17,0
34614,g571t62_politics_purity,Why do you keep asserting the absurd claim that fascism is leftist or socialist?,0,17,0
19018,fcy2qe8_everyday_random,Probably because they're adults and have to do shit like vacuuming and laundry and don't want their entire weekend to be split between chores and grading papers,1,17,0
6051,dgmfuhk_INCAS_random,Do you mean Marcon? Not that it makes a difference whether Marcon or Melenchon wins. Marcon is the favorite to win the first round and the runoff but the center-right coalition is favored to win in the legislative elections this summer. Five more years of establishment control of the government will only strengthen Le Pen and National Front. ,0,17,0
15764,di16n2t_INCAS_random,"It was broadcasted on French tv the night after the election, and it received a lot of great reactions, even from people who are not Macron's fans. I can't recommend this movie enough.",0,17,0
20360,fgdysqj_everyday_random,I’ll only pay that if OP will tutor me on my porch.,1,17,0
24993,fpxkdh8_politics_proportionality,McConnell blocked any investigation by Obama claiming it would bias the voters. So maybe investigate McConnell.,1,17,0
10413,dh6utm9_INCAS_random,"Macron isn't really in a tough position. 

His campaign was able to squeeze a statement in with Reuters before the blackout went up. And regardless of what happens, he will win the election with at least a 60-40 margin this weekend, and the French are used to a little corruption so even if the people combing through his emails now find some dodgy stuff (worst I've seen so far are accusations of defense dealings with Saudi Arabia and a party involving some Rothschilds), his 'En Marche' party will still win the plurality of seats in the next parliamentary election.",0,17,0
14461,dhbu651_INCAS_random,"If I am ever so blessed as to produce a Trump picture worthy of 1,000 upvotes I want this to be my flair: “The victorious defeat of Marine Le Pen”",0,17,0
15383,dhmwcmu_INCAS_purity,"sadly true but still funny, lets hope she dumps him as Macron seems to love older ladies right?",1,17,0
15335,dhmc1el_INCAS_authority,This is what wonders me. How will Macron convince the unions to play along? Seems reforms on workers rights risk things being blocked by endless strikes. ,0,17,0
15193,dhk0k6j_INCAS_random,"Well to spell out my sarcasm, both Trump and Macron are in relationships where the age gap is 30 years.  So I was making a joke in the sense that you can't tell which one I am criticising.  ",1,17,0
5104,dge5p9t_INCAS_proportionality,Depends if you only consider the main candidates. I'm pretty sure Poutou would be cleaner.,0,17,0
18642,djikot3_INCAS_random,"Now, is he going because he likes military parades, or because of politics? Well, as long as he doesn't bring a white flag and asks Macron why there are rearview mirrors on French tanks...

Btw, since it also commemorates the 100th anniversary of US's entry into WW1, there'll be American troops in the parade, and also some F-16s and F-22s, I've heard. ",1,17,0
14980,dhg2lra_INCAS_random,"&gt; Yanis Varoufakis sounds rational

lel. he is basically a sanders/melenchon/corbyn type",1,17,0
9702,dh3wscs_INCAS_random,"Here we go again. Now watch the polls ""tighten"" while the French contain to scoff at the idea that Le Pen could ever win the Presidency.",0,17,0
7658,dgo8xud_INCAS_random,"Will be interesting to see the legislative tho i mean if Macron is president then surely Les Republicains will win the National assemblee 
therefore we will have a co-habitation where Fillion will be the prime minister 
that will be an intense 5 years guys.",1,17,0
41355,gdocv7m_politics_random,"every job i had i always tried to give people the best discounts or free stuff. i worked at a restaurant chain and would always give free drinks or desserts, also gave free food to friends lol. then i worked at a hotel and would give people huge discounts for no reason🤷🏽‍♀️",0,17,0
37935,g9dasbf_everyday_random,"NTA.  Your brother meant well but changing paint color is a personal choice.  It's your house, repaint it if you want to.",0,17,1
9797,dh43u1a_INCAS_random,"One of the best exchanges in the debate was (i'm paraphrasing)

Le Pen : You are just the inheritor of Hollande.

Macron : And you are the daughter of Jean-Marie Le Pen, and the inheritor of the far-right.
",0,17,1
5435,dgicfw2_INCAS_random,"&gt; Which lesser candidate's supporters could vote her instead of Macron?

That's the point precisely, pretty much anyone who could vote for her in the second round will have done it in the first round anyway.",0,17,1
18524,djc498f_INCAS_random,"With the hostile way Macron is going about it, I wouldn't really call it a *tough* choice.",1,17,1
1379,ddjf3jm_INCAS_random,"This, althought it has been more shaky over time due to the strategy of FN which consisted of writing off all the bad reputation and heritage they have (including firing the creator and father of marine le pen because of his influence and lack of control when talking about sensitive subject, which remind the french of what FN truly was), France still has what we call a barrière républicaine, where most people will just vote anything else that FN (happens since it's creation)",0,17,1
10035,dh5ptnb_INCAS_random,It doesn't help that a language barrier is also helping prevent these fake leaks from damaging macron's campaign in france. ,0,17,1
9277,dgz5gi9_INCAS_random,neoliberal is more relevant imo. Now that the election is finally over and done with the Sanders spam has died down a little bit whereas the time of the neoliberal will be just beginning with BASED MACRON,0,17,1
46177,gk2kifk_politics_random,"I have some very damning dirt on Tucker. There's only one copy, and it is being mailed to me as we speak.


Update: It has been lost in the mail!

Second update: It has been found, but, uh, let's just forget about it, he's been through enough! But I still have it and it is very real!",0,17,1
42435,gfdizov_everyday_random,Even as a kid that was probably too old for those shows they were so comforting. Especially since I was probably home sick when I watched them.,0,17,1
9183,dgxqhza_INCAS_purity,"So you didn't disagree with his ridiculous protectionism?

Which, again, is the exact opposite of macron",0,17,1
27362,fv1cs8t_everyday_random,"Same I loved creating huge environmentally accurate places for my animals, sometimes I would just make the entire building space one giant enclosure with different biomes... it never ended well",1,17,1
16546,dicawit_INCAS_proportionality,"Anime is for losers, gotta get some of that Trudeau-Macron bromance",0,17,1
791,dd1addm_INCAS_loyalty,"Yeah, because if there's anything Hollande has learned is that you have to actively capitulate to Muslim extremists in order to get them to stop attacking you.",1,17,1
8804,dgtpf7g_INCAS_purity,"As I showed, without knowing anything about emwac other than the fact that they don't like Macron, you assume they're alt right. If that's not enough then it's hopeless.",0,17,1
27245,fux6057_politics_random,"Of course, part of that African history is how slavery was brought to Africa: Not by the white man, but by Muslim conquerors.",0,17,1
16639,dictpck_INCAS_purity,"I'm a simple man, I see memes about Macron's PROJET, I upvote.",0,17,1
11480,dh8imo6_INCAS_loyalty,Your link says Le Pen is a National Socialist. Wasn't Hitler a National Socialist?,0,17,1
628,dcsvu4x_INCAS_random,"Merkel also did not see Macron I believe. If you have any style you don't try to meddle in the sensitive *internal* election politics of another country. 

Apart from that I don't think most French people long for good advice from Germany. 

&gt; So what is she suppose to do ?

Tried the former colonies already? Algeria may still have a thing or two to discuss.",0,17,1
8528,dgr0bt6_INCAS_random,"I don't think you've gotten an accurate analysis of us at all. Hamon was socialist and Mélanchon was the Far-Left.

The FN is the fascist party, it's always been the Fascist party. We've known this for decades, her welfare state bit is only an incidental part of her larger program.

",0,17,1
11528,dh8lq6l_INCAS_random,That some guy in the party was watching Doctor Who... clearly Macron is an English puppet.,0,17,1
11551,dh8m6cx_INCAS_random,But people see third way political philosophy Marcon espouses as the reason Marine Le Pen is in the position to get 40% of vote. A far right politician getting that much is a sign of disaster and macron has no plans to resolve that.,0,17,1
24355,fo61xgu_everyday_random,"I'm always so shocked when I hear colleges and universities charging such big parking fees, at my college its 10 euro for a whole year!
Granted, there's very limited parking unless you get there at 9am or after 3pm..",0,17,1
41024,gd91gq9_everyday_random,"I never understood that joke. As a kid or now as an adult. What type of lawyer does Peter think they think he is? Or is it just a general, meta ""lawyers bad"" kind of thing?",1,17,1
37275,g8l26q0_everyday_care,I think it's the blood relation that gets me. I don't want my children have more of my genetics than they need to.,0,17,1
44252,ghl4hu3_everyday_equality,"I’m a maths teacher. Adhd also often includes poor working memory, which coupled with maths anxiety, can really hinder how you learn maths, especially if you’ve been taught with rote learning and a process to follow. Sometimes that process is hard to remember, which is why there’s more of a push for conceptual understanding. Good luck with the future!",0,17,1
8363,dgqrlnt_INCAS_random,"Funny thing, is that Fillon who was going to win before the fake jobs scandal, seemed somewhat open to improving the Franco-Russian relations.",0,17,1
8269,dgq6j8y_INCAS_random,The whole world urges the French to reject Le pen.........,0,17,1
41142,gdekgdq_politics_random,I got two! Basically someone anonymously reported I was considering self harm and suicide hotline sends you an automated message.,0,17,1
46673,gks1hxm_everyday_care,I know the purists will hate me and call me a cheater but I loved playing as Minion.,0,17,1
7062,dgnps7z_INCAS_purity,"I'm not sure what you are asking? That is their political standpoint. Politics aren't just left and right, which is why all the socialist, communist, fascist stuff being thrown around doesn't make any sense. What is more interesting to me is if you look at the following picture and compare Hitler and Le pen: 

https://www.politicalcompass.org/images/axeswithnames.gif

",1,17,1
23980,fneehna_politics_random,What I don’t get is people are still buying homes. The house across from my parents listed during this covid crisis and it sold in a couple weeks... I’m worried home prices will just keep climbing because the fed is just opening up the printing press.,1,17,1
21559,firrle3_politics_random,Maybe your delusion is believing anyone in the Media is Liberal?,0,17,1
3122,dern86c_INCAS_random,"&gt; Is Spain or Italy having the same problems which leads people to become eurosceptic and vote Le Pen/Wilders?

Unfortunately yes, the chance of a M5S win is increasing. Unlikely they will be able to form a coalition, unless they ally with Salvini. Who, strangely enough, has just said he doesn't want to leave the EU. ",1,17,1
14557,dhcs8yu_INCAS_equality,Fillon aka ''the french thatcher'' is utter centrist? I think you might want to reevaluate your ideological position.,0,17,2
10012,dh5pfe7_INCAS_random,"both Trump and Macron? As opposed to Clinton &amp; Marine, whose career is pretty much ""lawyer politician politician politician politician"" (I should probably have added that last bit in the bottom left, it's a bit empty)",0,17,2
26176,fsbmwbm_politics_random,"This 100%. 'Just wait until the Mueller Report!' 'Just wait until the Impeachment Trial!'

'Just wait until the Election!'

Not going to be any different. Prepare accordingly.",0,17,2
10248,dh659ph_INCAS_random,Macron has a momentum post-debate. Now Ifop puts him a 63%. Let's hope he can get to 65% by Sunday. A 30-point victory would be glorious.,1,17,2
30636,fz7xwnr_everyday_authority,Can you not argue about this here please? Go to unpopularopinion or something and stop pushing your opinions here. Thank you.,0,17,2
21302,fijnhob_politics_random,"A lot of democrats watch his show and this will only serve to divide the party going into the general election. 


Chris Matthews may not be pro-trump, but he is certainly doing pro-trump things.",0,17,2
22943,fl79i0i_everyday_random,The Young Ones remains one of the greatest tv shows ever.,1,17,2
9868,dh4q3hd_INCAS_random,"&gt;In France, the Front National struggled to get 20% support ten years ago, but is now looking at 35-40% of the vote against a candidate who has the undying support of nearly all national newspapers,

Do note, this is misleading, because it fails to account for abstensions. Le Pen did not see her support double, far from it in fact.

",0,17,2
22308,fk4lfcq_everyday_random,Well the primary purpose is to look at women in various states of undress. If it wasn't then there would be no women stripping. There are also plenty of strip clubs that are dry so I don't think that you can say that it's a bigger reason especially in circumstances where there are plenty of bars and pubs in the world. There are plenty of fun bars out there that don't have stripping so obviously the draw has to be something else.,1,17,2
5175,dgf015b_INCAS_random,"two social democrat wins in a row! First Melenchon, now Corbyn! Will this wave of reasoned centrism reluctantly sponsored by my ML comrades ever stop?",0,17,2
40104,gc2xhcv_everyday_equality,"Culture can change, though. I’m not really following your distinction. It’s not like “culture” is something written in stone and never modified. Pretty much every aspect of human cultures is constantly in flux.",0,17,2
29600,fxiny1k_politics_random,Fellas fellas... This is what we want. Robots to do the work. Support it.,1,17,2
4702,dg8eleq_INCAS_loyalty,"Actually, the French communist party doesn't fully support him. Some of the heads support him, bust most of them and most of the adherents prefer a candidate of their own (like Poutou or Arthaud)",0,17,2
27386,fv1txu8_everyday_random,\*bleepbiddyboop\*  Your guests are complaining about the lack of bathrooms! Consider building more!,1,17,2
2031,ddzkacx_INCAS_random,"&gt;I'd wager that all the other parties are doing exactly the same or worse and are not under anywhere near as much scrutiny. This is fixed.

This sounds very similar to what the Conservative Party's candidate Francois Fillon is being investigated for.",1,17,2
534,dcpp0w1_INCAS_random,"I think that this will be a crucial year, and if the French and German elections are not won by nationalists, the EU will be fine in the long run. The signs are that (comparative) moderates will win both, and I'm not just talking about polls. It is also becoming blatantly clear that le pen is a Russian lackey (and how she publicly *begs* them for more money) and the afd are neo-nazis (they just called Holocaust memorials, 'monuments to shame').

Trump has also had a sobering effect on most here.",0,17,2
39607,gbgpyif_politics_proportionality,"A vote you don’t like is way different than an illegal, invalid, or illegitimate vote",0,17,2
30803,fzgy9za_everyday_loyalty,I know. I'm also guilty of not reminding her of that rule.,1,17,2
10579,dh769y2_INCAS_purity,"If the claim that there are emails about Fillon ordering drugs with Bitcoin are true, those mails might just be fake... ",0,17,2
40009,gbzob70_politics_care,i hate how insanely funny i find this tweet. it's actually pretty depressing we all feel this way.,0,17,2
1984,ddzeiz5_INCAS_authority,"Well, this article and the colonisation controversy actually prove he does not. Unlike Hamon, for instance, who'd love to taste Jadot and Mélenchon's electorates. :]",0,17,2
10698,dh79gr3_INCAS_random,"Uh wait, didn't Obama interfere in The French election by backing Macron??",0,17,2
16805,didh43r_INCAS_random,"If Russia influenced Brexit I see it more as a means to encourage Scotland independence to disrupt the UK nuclear subs and facilities in Clyde. Along with pushing Le Pen to exit Nato and the EU. With that, he would leave the EU without a nuclear deterrent and an unwilling America to help. Well at least one of their goals, whole slew of other benefits for them too, chaos etc. This leaves western Europe ripe for plunder.",0,17,2
24643,fp4w4m3_everyday_proportionality,Wrong. Character is a byproduct of life experience and opportunity. If we didn’t change we wouldn’t grow.,1,17,2
5910,dgkfp0y_INCAS_proportionality,"You clearly said that Macron was divorced from reality, implying he doesn't acknowledge there is a problem, when the article clearly shows this is not true.

Why would you consider that a bias, rather than a fact check on your claim?",1,17,2
5864,dgk35hz_INCAS_random,"I understand that, but people were more opposed to Jean-Marie. All I'm saying is that being sure that Le Pen will lose might help contribute to a possible victory by her, since people won't show up.",0,17,2
9160,dgxm8oc_INCAS_random,who says centrists can't be agents of change? see mr macron...,1,17,2
6332,dgneisr_INCAS_equality,"&gt; Maybe you should evaluate how far right your own views are if you consider macron solidly left

Especially when you consider the fact that Macron is a laissez-fair neoliberal banker, aka rightwing economics. ",0,17,2
22332,fk62ez1_politics_random,/r/politics already prepping to become a JoeMentum sub. I'm excited watch all the Bernie bros become Biden buds over night.,0,17,2
22592,fkov9kr_politics_authority,"Well Bernie is claiming he doenst use them and Biden does. Biden is pointing out the hypocrisy of Sanders statement. Not saying he doesn't have any supporting him, unless you have proof otherwise.",0,17,2
9231,dgz1p2e_INCAS_loyalty,"he's saying ""I am not going to abstain, and I will not vote National Front, and I'll tell everyone to also not vote National Front"".

Basically, he's trying to have it both ways - endorse voting against Le Pen without actually saying 'Vote Macron'.",1,17,2
1237,ddejbgq_INCAS_proportionality,"&gt; They wouldn't vote for Le Pen, but they surely wouldn't vote for Macron / Hamon either.

If you can't read properly, not my fault. Can't really say for right-wing supporters,they would probably vote for Macron but Hamon ? 

Remember Trump vs Clinton, voters turnout was at what ? 50% ? It would be the same, or more people voting for no candidates. ",1,17,2
979,dd5x2bt_INCAS_loyalty,"Well, Le Pen's right wing nationalist politics mirror those of President Bannon, so this isn't terribly surprising. ",1,17,2
42364,gfbb5w7_politics_random,"How come I never hear Trump talking about foreign policy, or the pandemic, or the economy? It’s always him, all the time.",1,17,2
40647,gcqzc78_politics_random,I think you have the solution right in front of you. Work for a competitor.,1,17,2
28070,fvtgnz3_politics_random,You can skip a lot of building codes if it’s for religious reasons. Let’s make our own religion!,1,17,2
18056,dizuryb_INCAS_care,"Did a child write this?

What's your model?

Why do you hate the global poor?

This is why Macron won.

Purge when?

This but unironically.

Thank Mr Bernke.",0,17,2
18220,dj5oas9_INCAS_random,Jean Marie Le Pen has called for Marine Le Pen to resign. I agree with Jean Marie Le Pen so idk how to feel about that ,1,17,2
34899,g5mq2cb_everyday_purity,Its a crying shame how shitty Pizza Hut has become.,0,17,2
14767,dhdz624_INCAS_random,"Pretty difficult to define that across different political cultures. Macron is probably way to the left of Obama and Clinton and to the left of Merkel, but in the local context he's as centrist as it gets. This extends to the userbase btw. I, as a French Macron supporter, am probably way to the left of most people here. ",0,17,2
14719,dhdokpt_INCAS_random,"I don't know, I think it's quite impressive the guy widely known for his Polonium-210 antics is *still* more popular somehow. And both are probably easily ahead of Francois Hollande.",0,17,2
1655,ddq72up_INCAS_random,"On n'est pas dans /r/france, ici les seuls dieux c'est Macron et Schulz hérétique.",0,17,2
9632,dh3fvel_INCAS_random,That Macron-Le Pen debate was pretty nasty by the end!,0,17,2
14743,dhdwdyu_INCAS_random,"Well if we're going off of Friedman and Hayek, then only Macron would be near-full neoliberal. The rest would be progressives with neoliberal tendencies.

If we're going off of reddit feel-goodsies, then everyone who isn't a republican is neoliberal.",0,17,2
8757,dgtix6q_INCAS_purity,"&gt; Dude, assuming that all Macron skeptics are alt right

Dude, assuming that my comment assumes all Macron skeptics are alt-right is based on *nothing*, unless you quote me where I make such a statement, right now.

I choose my words deliberately and carefully to avoid just such accusations.

Now, quote me verbatim where I make your strawman claim or retract.",0,17,2
9396,dh0s1tn_INCAS_random,"Not sure if it is smart to call out Orbán like that. If Macron wins, he will still need to work together with Hungary. After all they are an important country when it comes to the immigration crisis and the V4.",1,17,2
42626,gfmq1ar_everyday_random,Do you use her phone often? This actually sounds more like the reaction you would get from someone who is nervous about handing their phone over to you. Kinda seems like she was nervous about you browsing around on her phone or even simply is very attached to it and didn’t want to give it up for that long?,0,17,2
40553,gckljgc_politics_random,"Crucially, if they do, he can run as an independent and FUCK their candidate. So it's a huge risk for them to take. I personally hope it happens, and the Dems can take Alaska, Kentucky, and the entire electoral college",1,17,2
24946,fprkdm1_everyday_loyalty,Might not be unusual punishment if the offense was directly tied to smartphone conduct. She can still call for help but doesn’t have Snapchat etc,1,17,2
18406,djai89f_INCAS_random,"At least he must have a good salary, François Hollande barber was paid like 8k. Surely in NK he must be paid... wait. ",0,17,2
26082,fs8ed8b_politics_equality,Also the media and social media hypocrisy has been absolutely mind blowing.,1,17,2
26058,fs4u6ot_politics_loyalty,Don't fool yourself. Republicans would have killed the judicial filibuster either way.,0,17,2
20949,fhsxfy3_everyday_random,"Lock the door when you're naked, unlock it when you're clothed. What's the real issue?",1,17,2
33439,g3dzzj9_politics_random,"My work cafeteria had pizza and burgers on the same day once and this lady legit said “We are so blessed, aren’t we?”",0,17,2
39017,gaxgh1h_politics_loyalty,aren't a lot of socialist kids those who had strict republican fathers and want to rebel against them?,1,17,2
12166,dh923tp_INCAS_care,"""Anyone who opposes Trump is an insult to democracy!""

I wonder how they are reacting to Macron winning. ",1,17,2
17352,dio1606_INCAS_purity,"&gt;Throwing something out there to entice a response is the definition of trolling.

No. It isn't. Enticing a response for the sake of enticing a response is trolling. Macron is making a point.

",1,17,2
2742,deg9tbg_INCAS_purity,"is it just me or it's only him and fillon talking seriously about actual policy?

Lepen just blurts out vague catchphrases like ""intelligent protectionism"". Hammon is mostly the same, vague proposals.",1,17,2
26841,ftcj3ug_politics_equality,"If there’s a “political” subreddit that actually discusses things like upcoming bills and recent judicial rulings, I have failed to locate it. All there appears to be are “political party I oppose is full of idiots”",0,17,2
23745,fmt1034_politics_equality,"Why not just have 539 Supreme Court Justices?

Fuck it, we might as well just have 340 million Supreme Court Justices.",1,17,2
13652,dh9r9co_INCAS_equality,"&gt; Macron actually adressed immigration (obviously. no serious candidate could have gone around that topic). But I guess becausehis way isnt to stop all immigration it´s automatically not relevant.

How has he addressed it?",1,17,2
3547,dfe5hy3_INCAS_random,"Well Austria recently voted against the far right and Poland still heavily depends on free movement so they're not going to leave anytime soon, Le pen doesn't have any support in the 2nd round and  Italy and Denmark were never going to leave.",1,17,2
11929,dh8yli2_INCAS_random,"Yes and no, the fact that she got 23% in first round says that this is her ""hardcore"" base, everyone else that will vote for her now are not totally on the same page with her  some extreme rhetoric that she has but enough to accept it, Melenchon has took a lot of votes from her-he was also an extremist(theoretically from the other side...but still) and they have a very similar standing regarding the EU",0,17,2
11976,dh8z0na_INCAS_loyalty,"Like if Le Pen is elected the extremist within France are gonna be:""Well, Le Pen has won, we won't make any terrorist attack anymore""",0,17,2
31485,g0rmpdu_everyday_purity,"This, but un-sarcastically, is OP’s actual motivation. It’s absolutely chilling how clearly it comes through.",0,17,2
3028,depis29_INCAS_random,"Fillon voters, more likely. Le Pen does by far the worst with the old.",1,17,2
7301,dgnui6e_INCAS_random,"Fillon is socially conservative, Macron progressive. Why would a conservative pick Fillon over Macron then? ",0,17,2
17541,dirouqm_INCAS_authority,French people are sick of politics. They just want to give Macron his mandate.,0,17,2
17517,diriles_INCAS_random,"Ahahahaha you're right of course, I was getting a bit carried away. Funny that LR is the self professed home of (Post)-Gaullism yet it is Macron who seems to bring him as a figure to mind.",0,17,2
3099,derekra_INCAS_random,"France won't be leaving any time soon. I'm not sure what right-wing press you've been believing, but the only candidate likely to take France out is Marine Le Pen, and she'll never win the second round of voting in the presidential election.",1,17,2
37722,g8yrpp0_everyday_authority,"No no no, he doesn’t like him anymore so it’s okay.",1,17,2
38475,ga7cbu1_everyday_care,Are you absolutely positive it was his brother and this person did indeed commit suicide? I hate to say this but I’ve read about people pretending to commit suicide for attention.,0,17,2
13225,dh9fae4_INCAS_random,"&gt;And Macron would sweep ~~if only university high school graduates were allowed to vote.~~

",0,17,2
31556,g0x53rp_everyday_equality,And covid making me realize how unsanitary we all were as kids,1,17,2
44394,ghv1yqu_politics_random,Or they can 'let you go' and claim that it's redundancy and then change the name of your job and make meaningless edits to the job description and hire someone else.,0,17,2
13843,dh9z79z_INCAS_equality," Yes but the FN's success is overwhelmingly a reaction to the rise in immigrant population in the past 40 years and the profound changes to French society it has brought. No mainstream party addressed those concerns and here we are.

The FN's success is 100% immigration. Otherwise Melenchon would certainly be the go-to candidate for these voters. ",0,17,2
11053,dh7inon_INCAS_random,"Lol, someone sent the campaign an email asking them to consider teaching Arabic in schools and you think that this is evidence of Macron's secret plot to destroy Europe? This is hilarious. ",0,17,2
20175,ffrbiz7_politics_equality,WOW what a massively disingenuous generalization of witness testimony lmao,0,17,2
41569,ge2is75_politics_random,I was certain I was voting Romney until he picked Paul as his  VP,1,17,2
41804,geet655_everyday_purity,THAT is a good bonus story lol your life sounds very interesting!!,1,17,2
8056,dgpa9qx_INCAS_equality,"Yes, also because Le Pen's claims are purely demagogical and doesn't fit her long time political commitment.",1,17,2
11125,dh7owt7_INCAS_random,"Source? Any evidence at all? Or are you just another one of the Le Pen liars?

Nothing shows up on Google.
 ",0,17,2
21421,fimv2sx_politics_random,This is literally any employer anywhere outside the US. Getting your living wage from tips is not a thing in lik 90% of the world,0,17,2
4205,dfxnov5_INCAS_random,Poutou first for me. Guess I'm more left than I thought.,1,17,2
27222,fuv3sq9_everyday_care,"Wood grain items like alarm clocks and cell phones will always give me that nostalgic feeling ☺️

I agree... they definitely need to resurrect it.",0,17,2
19986,ffbihvu_everyday_loyalty,"Things Trump has in common with Reagan:

1. Slogan
2. Coverup orchestrated by Bill Barr (he protected Reagan during Iran-Contra)
3. Actor
4. Republican",1,17,2
19962,ffaut64_politics_random,"One time at Starbucks, they gave me free bistro boxes because they were about to go bad. I wonder if they got in trouble. Seemed so harmless. I wouldn’t have gotten them otherwise, as they were too expensive.",0,17,2
3806,dfn29fg_INCAS_loyalty,"Might be true, if Fillon didn't get himself in these scandals it would be 100% him since he would get the majority of the republicans and the  socialist vote in protest of Le Pen.",0,17,2
23511,fmglsfv_everyday_proportionality,You can get charged for theft obviously. Depending on the damage you can be charged with destruction of public property,0,17,2
4444,dg2cxnr_INCAS_equality,"You are absolutely not responding to the question. How could the title br any clearer? Marine Le Pen denies the French role in the deportation by saying ""it wasn't France"" and it's exactly what the title is suggesting. The fact that the guardian is totally biased doesn't mean that this article is reporting false claims.",1,17,2
3853,dfnmmhf_INCAS_authority,"I disagree. France wants to be able to implement monetary policy that it cannot do while controlled by the EU. Basically, they want to print their way to prosperity like the US thinks it can do. (A fools errand). If Le Pen gets elected I can see her push for a Frexit. ",0,17,2
36759,g808w78_everyday_random,Scrubs was a criminally underrated show.  John McGinley as Dr. Percy Cox is one of the most interesting (and best) characters in TV history.,1,17,2
41048,gd99mlh_politics_random,"Unless they are willing to reveal the  
evidence in court, then it ain’t real. 

The pressers they are running are just crackpot clown shows for people who can’t take a L with dignity.",0,17,2
13771,dh9xumt_INCAS_random,"France isn't a real country, and Le Pen wasn't going to change that",1,17,2
11645,dh8pmtp_INCAS_care,"Well no, but you can be uneducated and let it affect your vote. People who call Obama and Macron socialists, for example. ",0,17,2
30944,fzmsdsf_everyday_equality,"I think we can agree that anyone, regardless of gender, would look better as Henry Cavil.",0,17,2
16500,dic93dx_INCAS_random,"They got in an alliance with the conservatives a few years ago, got a fair amount of seats but ended up being their lap dogs. A bit like what happened with the Modem / UDI in France until Macron brought centrism back from its ashes.",0,17,3
22168,fju5hzy_politics_random,"&gt;Romantic Partners or Dates

Anybody know any DC area call girls we can hook Shumer up with?

EDIT: While this was a joke I'd like to point out that this is indeed just one of many ways these idiotic red flag laws can be abused if one wanted to. And believe me, people will want to.",1,17,3
33061,g2wkicm_politics_random,"Some people are getting a live, personal demonstration of the second amendment.

It’s so funny to me when looters and rioters sound surprised. They’re like “oh shit he has a gun?!” “Oh shit they shot him!” “They shoottttt hiiiiiiiimmmmm” 

Like yeah no shit. That’s how it work.",1,17,3
22379,fkc5ldy_everyday_random,"I'm 22, was diagnosed when I was 18. Type 1 with metformin and glulipercide. I still find it difficult to not grab my favorite snacks from before I was 18. Damn this disease is a bitch too",0,17,3
110,dccilml_INCAS_loyalty,"Can you remind me who it was that expelled Jean-Marie Le Pen from FN?

&gt;Le pen is as anti Semitic as her father.

And your exapmles of said anti semitism are... I'm waiting for those examples.",1,17,3
6802,dgnkkvy_INCAS_random,"Literally: well proportioned. Also compare her to Jean-Marie Le Pen, her father.

Figuratively: she's toned down the extremist rhetoric. Her actual policies haven't actually changed much though.",1,17,3
46578,gkq54nn_politics_loyalty,"Thank you for letting me rant and if anyone wants an age regressing brat with a punishment kink, feel free to DM me.",0,17,3
6497,dgng3g1_INCAS_authority,"Who are they going to fight?  Putin is Trump and Le Pen's patron, and he isn't stupid enough to want anyone fighting a war with China.  ",0,17,3
7015,dgnogzi_INCAS_random,Not one bit. Macron will be the next French president ,1,17,3
25634,fr2mnvg_politics_proportionality,"You’ll often hear leftists say that immigrants can’t use welfare, therefore we should open the borders. This only refers to federal welfare — states can still fund illegals.",1,17,3
46907,gl54rp8_everyday_loyalty,yall were doing it wrong and i... i don't know how... I've never gotten hurt or shit shoved under my nail lol,1,17,3
43592,ggzfx5c_everyday_random,Oh yeah I’d recommend putting effort in to avoid anyone like this... you’ll save a lot of time energy and money,0,17,3
3948,dftln2c_INCAS_random,"Yes, it matters for the future of the EU. Le Pen is very anti-EU. So a Frexit (who are the largest military in the EU) would mean the end of the EU.",1,17,3
43616,gh0vpz9_politics_care,lose it and you lose your income source. Some people can't afford that,0,17,3
43260,ggdhadg_politics_random,"It's so deadly you have to get tested to know if you have it, they're super cereal.",0,17,3
19205,fdkglgj_everyday_authority,"Back when kid's programming was in such short supply you'd be looking forward to this all week. Kid's these days have no idea how good they have it. Not only can they watch essentially anything they want, but also WHENEVER they want and for as long as they want.",1,17,3
31720,g14d2vl_politics_random,All the Dem cities seem to be in the race to make Detroit look good.,1,17,3
47117,glf93nb_politics_loyalty,"These are the same people who call Islam the ""religion of peace"".",0,17,3
37769,g91yl22_everyday_random,"I dont recall that being ""fun"" persay lol. Terrified me",0,17,3
12212,dh92wa9_INCAS_random,"I wouldn't be so fast to celebrate. Macron asks from tax harmonization and sanctions on Poland, if he decides to press the issue we might see more troubles ahead. ",1,17,3
31202,g00mrxa_politics_random,"""You can win the lottery.""

Exactly the same kind of ""can theoretically in the abstract = personally achievable"" bullshit.",1,17,3
11810,dh8u8wq_INCAS_random,"&gt; But for Jean-Philippe Sacquepey, 57, Le Pen represented a much greater destiny for France. “This republic can’t last,” he says. “We must return to the monarchy. ” For that, there was only one candidate: “The Le Pen family is descended from Joan of Arc,” Sacquepey insisted. “I voted for Marine - the heart of Joan of Arc still beats.”",0,17,3
5387,dgh8lfu_INCAS_random,I hope it stats that way. I'm so afraid of Fillon/Le Pen,1,17,3
26128,fs9bxok_everyday_random,"Tl;dr- people remember watching the show when it aired and when Craig Kilborn was host of the Daily Show or are judging something from decades past by incompatible modern standards. Everything changes. No need to shit on something as trivial as comedy just because it doesn't age well.

https://youtu.be/W7EVhAdjKgA",0,17,3
45334,gj3tcmz_politics_random,"As if I needed another thing to guarantee I'll be fired within days of hire.

But let's be real, seeing this, I wouldn't even bother applying. What kind of fuckery?",0,17,3
5933,dgkq1wa_INCAS_random,Le Pen has made no secret that she wants to take France out of the EU. Expect a French referendum if she wins.,0,17,3
45545,gjcj3qd_politics_random,And they only put him in because they loved him as a college football coach. There's a reason they're the bottom of the barrel in nearly everything.,1,17,3
1121,ddaokac_INCAS_authority,"The UK that said its vital for them NATO remains a bastion of freedom and EU should always remain a stable union? No reason to think about them like about trump.

Le Pen isnt elected as leader of france. Therefore irrelevent.",1,17,3
4725,dg8yh1z_INCAS_random,"The conservatives in France are in a bad shape, the Fillion scandal made the republican party irrelevant. It's a shame but he screwed up bad on that one. 

Macron seem to be more conservative financially but he is liberal (the U.S. way) on social matters.

Also Latin European countries (Portugal, Spain, France, Italy) are different culturally from the US and an American style conservatism wouldn't necessarily work there. ",0,17,3
39702,gbnp9rn_everyday_care,I really hope not. Jennings' personality is nonexistent. I'm hoping for Holzhauer or Levar Burton.,1,17,3
32425,g26dkl7_everyday_proportionality,A lot of comedies are criminally low rated on rotten tomatoes,0,17,3
10106,dh5yeqy_INCAS_purity,"Would you *really* have preferred Fillon? Explain to me why, what is it you dislike about Macron so much?",0,17,3
36146,g7dzmh0_politics_authority,Don’t need federal. State can prosecute for this. They’ll be pardoned at the federal level for all federal crimes,1,17,3
4796,dg9itki_INCAS_random,"&gt; The conspiracy theorist in me can imagine this is a right-wing crackdown due to the French Presidential elections in 10 days.

Maybe that's the rights-wings tactic to create fake accounts to promote their agenda? I remember there was a post on /r/europe recently with links to American rights talking about creating pro-Le Pen accounts that would not be associated with Le Pen",0,17,3
25468,fqxtckl_everyday_equality,True and if it's a solid relationship then a different kind of love takes shape.,0,17,4
7253,dgntr9n_INCAS_authority,"Well, say what you want. If he does not endorse Macron it's a strategical move. And besides: It's not like he can command his voters to do anything. ",1,17,4
205,dchbd6w_INCAS_random,"I don't think Le Pen would actually favour Russian dominance in the region though. 

Germany and France's economies are too intertwined by now for her to actually want to hurt Germany.",0,17,4
33723,g3uosfv_politics_random,"Wallace IS a journalist and has a long history before FOX of working for NBC and as a White House correspondent

I don’t agree with much of his conservative mindset, but he’s on a very different level than the Entertainment crew. Same with Smith, though he left the organization",0,17,4
17701,disu9n1_INCAS_random,"&gt; You say that, but around 50% of the electorate didn't even turn up for this election

Because they were fine with Macron's winning. There was no strong opposition, Macron demolished them all.",0,17,4
33770,g3zupv3_everyday_random,You can still use a call log. Its not as good as texts or emails though.,1,17,4
17066,diivobp_INCAS_purity,All I can say is that Macron has an infinitely more regal and presidential aura than the egg that was Hollande and the aggro stick that was Sarkozy lol.,1,17,4
21842,fj9f1t5_everyday_authority,"Fraud, well done. Go directly to jail, do not pass Go.",1,17,4
41379,gdodslq_everyday_purity,"Hope the iPhone didn't contain any cherished family photos or something... That would suck.

Glad you're not doing that anymore.",1,17,4
16995,dihr894_INCAS_random,"Macron is so popular that in some legislative districts there are multiple candidate who pretend to be a part of the presidential majority or to support Macron. In North-Western Africa, there were 5 such candidates and it looks like the second turn will be between 2 of them.

Leila Aïchi was originally designated as the candidate. After she was officially registered, she was ""thrown away"" by Macron's party for having made pro-Western-Sahara/Polisario Front comments. It was too late though and consequently she can and does use the En Marche/Macron ""brand"".",0,17,4
558,dcqdtq5_INCAS_authority,"You did not say why they should support Macron.

They do not own him anything.",1,17,4
4349,dg0u37n_INCAS_loyalty,LDJ are among Le Pen's most ardent soldiers on the streets.,0,17,4
29038,fwtclnr_politics_random,I heard you’re not really free unless you go to church naked. Everybody is saying it.,0,17,4
7182,dgnrjwj_INCAS_random,"With the news today of polls showing most don't trust either the republicans or the dems in the U.S., I wonder if a more center party/candidate would do better here ala Macron?",1,17,4
43546,ggtqusi_everyday_random,"I would wait so he can't fight you with the excuse ""I was going to!"" This will set in concrete he won't do it, and help you move on instead of wondering what ifs",1,17,4
11077,dh7lw3g_INCAS_random,"&gt; I'm sorry but Macron is a globalist shill. 

That's a compliment. We at /r/neoliberal have a free trade deal with our sister subreddit at /r/globalistshills/",0,17,4
34189,g4emfk1_politics_random,"And in order for more people to be in a union, *people need to join a union*...",1,17,4
4560,dg4tr30_INCAS_proportionality,"&gt; More funding is implied.

Politicians never ""imply"" anything that involves spending money. Unless they're explicitly pledging it, there's no money on the table.

Besides, there's no guarantee that Macron will even win the election, the polls are too close to call at the moment.",1,17,4
11717,dh8rw2n_INCAS_random,"Google is your friend, even the current le Penn's supporters agree that the FN was initially very skinhead/Nazi untill the daughter became the face of the party ",0,17,4
885,dd2v8c9_INCAS_random,"And a tax on robots.

Meanwhile, like you alluded, Fillon is now having all kinds of scandals plaguing him. Juppe refused to run. And Macron has still not released his program. All we need is a scandal involving him, and we could end up with a Melenchon vs. Le Pen second round, which is a scary thought.",0,17,4
39583,gbgc53p_politics_random,"Everyone is so short sighted. I'm in Texas, these people have ALWAYS been here. It's just now they know they aren't alone, and have learned how to better organize.",0,17,4
7844,dgomipd_INCAS_random,"This is why I hate people calling the FN Far Right, the BBC continuously does it, Fillon is way more right wing than Marine. ",0,17,4
33014,g2tly4t_everyday_random,NTA.  Sounds like it’s time for a roommate meeting to get your grievances out.,0,17,4
16358,di947am_INCAS_random,"I mean, it could still be En Marche being what is called a Condorcet Winner (ie no one's first choice but everyone's second choice) so they just winn every runoff since in En Marche vs Left districts the right votes for EM to keep the left out and in En Marche vs Right districts the Left votes fro EM to keep the right out.

Then again, Macron *was* the first choice of 24% of French voters (3 points ahead the runner up, Le Pen) so there's still a lot of genuine support.",1,17,4
16310,di8po46_INCAS_random,In what situation would Macron and EM have to compromise with them? They seem to be headed for an absolute majority and even if they won't get one LR seems to be a much more natural partner.,0,17,4
909,dd3dgjz_INCAS_proportionality,"&gt;I doubt voters and normal partymembers would understand such a maneuver.

But those who voted Valls *are* closer to Macron and don't recognise themselves in Hamon, and some will indeed vote Macron despite the result of the primary. The PS will be condemned to inconsistency and disappointment if it fails to admit there's an ideological gap inside it.",0,17,4
27126,fulxwww_politics_random,"&gt;Unemployment isnt going to last forever.

The extra $600 is scheduled to end in July. After that, people will be getting $100 - $300 a week. Half a minimum wage paycheck. Hope theyve been saving because I have no hope that the fed will extend the extra $600.",1,17,4
46248,gk5h371_politics_random,"This is problematic really, sets a dangerous tone, regardless of who the recepient is.",0,17,4
39820,gbttzlx_everyday_loyalty,"I must have been afraid of these guys as a kid, because I'm suddenly quite uncomfortable.",0,17,4
31155,fzv9ws3_politics_proportionality,"Yes, the virus is singling out the red states for ridicule you absolute twat.",0,17,4
16000,di5ga3b_INCAS_random,Trump's weak old-man grip is no match for high energy high-torque handshake from Macron. ,1,17,4
12000,dh90hbh_INCAS_random,"People are silly, I've been saving comments when people say Le Pen will win.",0,17,4
44276,ghqetf6_politics_random,It’s hard to watch someone else live out your dreams.,0,17,4
46224,gk3v52n_everyday_random,"Yeah I was one of those teens. I had to sit through hours of videos of people getting ripped apart. It made me terrified of driving. I'm 22 and I still avoid driving as much as possible, isolating myself in my apartment. It actually affects my life a lot in a really negative way.",0,17,4
10722,dh79ni5_INCAS_random,I'm french and it would really surprise me that this would change anything. We are voting tomorrow and have made our decisions. No one thinking about voting for macron could ever vote for le pen because of some email shit. Macron has about 20 points more than lepen that aint gonna change in the next 24 hours,1,17,4
28635,fwefatp_politics_random,Nothing shocks me anymore is this 1984 world we are living in.,0,17,4
8293,dgq7sop_INCAS_random,"That is not my point.

/u/worldgnasher explained in an earlier comment how Clinton was ahead 2-5% in the polls up to the US election. I simply clarified by saying the polls didn't change from the actual outcome. But that Trump won by electoral votes. In France you win by popular vote, so I pointed out it'd be very hard for Le Pen to actually win the french election. 

edit - grammar",0,17,4
35135,g644k9v_politics_random,"Unless if I'm not mistaken, the autonomous zone is more like a homeless encampment with a couple of shacks.",0,17,4
46154,gk2655m_politics_proportionality,The media ain’t gonna say shit. Mask shaming is only a political weapon for Democrats.,0,17,4
24969,fpvqmw1_politics_purity,"I love your optimism and charitable verbiage. 

What would it read like if you hadn’t hold back your true feelings?",0,17,4
41896,gemrgtv_everyday_random,"I guess I don’t see how it’s a false association since it sounds like you were trying to provide a reason for them to call her fat?

In her ears I’m sure she heard something akin to “They called you fat at school because I think you’re fat because of x and y.”",0,17,4
42038,gewrus2_everyday_random,Thank you METV recently too. I love f-troop. Our tv doesn't pick it up anymore,0,17,4
15550,dhsg1zm_INCAS_equality,"That's... a really simplistic way of looking at things. Sanders has described himself as Socialist, and is a Populist, with certain protectionist elements. Macron is a centrist, with strong Neoliberal policies and is pro-globalisation. They're *very* different and would probably disagree on a lot of core issues",0,17,4
35415,g6ndzyh_politics_random,"The original intent was to keep the government out of religion, not the other way around.",1,17,4
15479,dhpny5u_INCAS_random,"
And a very important thing is that this Minister (Nicols Hulot) is like the most pro ecology guy ever, literally every gouvernement before Macron (Chirac,Sarkozy and Holland) tried to get him on as the minister of ecology but he refused, so it really shows that Macron did a lot of work to convince him.",1,17,4
23887,fn756uv_politics_random,Pastor could have asked all those cops to leave. No warrant plus request to leave equals trespassing. Open carry church services is the next step.,1,17,4
35676,g71vnrc_everyday_random,"NTA, because it sounds like your brother found out you sold it via Facebook before he came to your house. This is something my sister would do. Not take it for five years, not take responsibility, but if she found out I sold out? She’d be at my house the same day claiming she was there to pick it up.",0,17,4
15289,dhlcbu1_INCAS_random,"Macron already controls center left.
In Les Républicains, there was still the coalition of conservative right and progressive center right.
Now that he chose Édouard Philippe, more and more politicians from the center right are ready to join Macron.
That will maybe split Les Republicains in two, and create a strong center in France ready to work united to reform the country.",1,17,4
38853,gamovm3_everyday_random,"Hey, I’ve checked their post history. They make up stories with different ages each month. Just report them for spam",0,17,4
38666,gab7e90_everyday_random,This is incredibly informative and I enjoyed learning this today thank you :),0,17,4
15217,dhkfsw8_INCAS_random,"that's why it was in quotes. because I honestly think it's mostly an optics thing.

why do you think that most sanders supporters like (but are somewhat disappointed in) obama, but really disliked hillary? even though they're basically exactly the same.

tl;dr get some macron like person here.",0,17,4
28497,fw2expz_politics_random,"Fascism was founded by lifelong socialists. The idea that fascism in general or Nazism in particular is right wing is absurd. What makes Nazism right wing, exactly?",0,17,4
38618,gaagus8_politics_random,"There are several in that group we don't talk about because they just ""didn't do it right"". Next time that strategy will work though.",1,17,4
15052,dhgk7oi_INCAS_purity,"It sounds just as weird as saying ""France Insoumise is Melenchon's, yes?"". Not technically wrong, and you can say it occasionally, but it has a non-native vibe.",1,17,4
28402,fvzvcs0_everyday_random,"Absolutely. A therapist would be a great idea to possibly figure out why that attraction is there, and how best to deal with it.",0,17,4
45522,gjc4o7o_everyday_random,"True but there are so many questions.

Is your wife in on it? Do the other wives have the same kink? There must be a secret network of neighbours that all know, right?",0,17,4
32520,g2ag13j_everyday_random,"YTA. Don't throw away good food. And I really doubt you do ""all the chores"" around the house.  Hint: watering the plants and occasionally cooking dinner is not ""all the chores.""",0,17,4
36004,g79aqip_politics_random,"Proud Boys aren't white supremacists, but you already know that.",1,17,4
36052,g7bfce4_politics_proportionality,That doesn't solve the problem of moderator bias. That only makes sense provided the moderator is unbiased.,1,17,4
14791,dhebs1f_INCAS_random,"No, most Le Pen voters were young. I believe it has something to do with this generation losing tolerance of PC culture and multiculturalism, but don't quote me on that.",0,17,4
10508,dh6y92t_INCAS_random,I'm not French so i don't know much about either candidate but what is so bad about le pen that compels you to make such an extreme statement,1,17,4
18737,djl3og4_INCAS_random,This sub is slowly turning from a Macron/Merkal fanclub sub into a Milton Friedman fanboy sub.  ,0,17,4
19657,feliopa_everyday_random,"Not until this moment. To be honest I completely forgot about it til I saw these.

It would be bittersweet however because a family member who's no longer around purchased all of the cards for me while I was growing up. I'd still be curious tho.",0,17,4
14509,dhc34am_INCAS_random,Would be bad for Macron's image if he accepted Valls. Heard that Valls is not well liked in France.,0,17,4
14533,dhci8af_INCAS_random,"There's no comparison between Macron and Clinton. He was up 23 and won by 33. Clinton was up by like 3, won by 2, but lost the EC. ",1,17,4
30755,fzfu2ha_everyday_authority,$250/Month?  Dude you definitely don't have kids so I'm going to disregard your opinion here.,0,17,4
5957,dgl8utf_INCAS_random,"&gt;Wouldn't get his shit passed, significantly less dangerous

Couldn't largely the same thing be said of Le Pen? Or does Le Pen's party/coalition hold some significant hold over the French legislature that would make it any more likely in her case?

Note: I know practically nothing about the French system.",0,17,4
32354,g21k0nu_politics_random,"Did you catch the pun he made in the hashtags using his own fucking surname? #tesstimony

I hope aliens destroy the planet for that cringe alone.",0,17,4
26247,fsg12n7_everyday_equality,i think he’d just fuck anything if that’s what you mean. they could’ve put him on adult swim as a sex god and it would have fit perfectly,0,17,4
9301,dgzahm8_INCAS_random,"&gt; Did it not occur to you that when he says ""reform"" he doesn't mean ""more opt-outs and cherry picking"" like Cameron did, but ""more integration""?

If he meant that he will get exactly what he's warning against. More Le Pens and exit referendums.",0,17,4
42530,gfhghe2_everyday_random,"good news, they still make them.  I got my daughter one a few years back.",1,17,4
36360,g7l8c7c_everyday_loyalty,I have to many questions but I feel like it’d be wrong to ask lol,1,17,4
30023,fydx9ft_politics_random,It blows my mind people think 4 months in a new country could possible come close to being completely comprehensive that you’d run out of things to do. (assuming from the context you’re not carribean),0,17,4
44372,ghulmc2_everyday_random,"This!! If she’s peed before, someone should be telling her to she can get her shit together. I’ve blacked out and been trashy as well, but I learned from it and know what I can handle lol",0,17,4
19064,fdam15j_politics_random,"Agreed. I've noticed the same on YouTube as well. All the top comments on serious news stories are always SUPER FUNNY MEMES now. I'm not saying YouTube comments were once some beacon of highly intellectual debate, but as someone who has been using YouTube essentially since it's inception, there's been a clear degredation.",0,17,4
10295,dh6lblo_INCAS_random,"hm.. i wonder which government would have stake in this.. hm.. can't come up with one that supports le pen, and has no moral block into interfering with foreign elections...",0,17,4
2243,de0ibnf_INCAS_random,"&gt;Le Pen has denied the allegations and said on Friday that she has not admitted to the claims

&gt;She again on Friday furiously rejected reports that she has admitted to giving her bodyguard a fake job as a European parliamentary aide.

&gt;""It's a bare-faced lie. I never admitted to anything of the sort,"" Le Pen told France Bleu radio during a campaign stop in eastern France, saying she had never even met EU investigators to discuss the matter.

&gt;Le Pen on Friday admitted to ""an accounting settlement"" but denied that Legier's contract had been fictitious.
",0,17,4
44511,ghyk3eq_everyday_authority,"I have to back what the others are saying, Cannabis does not alter your ability to make decisions to that extent. I smoke weed and cheat on my diet, not whip my dick out for family to see.",0,17,4
40387,gcdvekb_everyday_equality,Yep. And knowing in 10 years I’ll only be that much more painfully aware of how ruthless it is. And knowing that eventually you won’t even be able to measure your life “in 10 years”,0,17,4
31767,g15mbvu_everyday_random,Make sure you announce you’re pregnant at her wedding. Meghan Markle style. Then you’re even,1,17,4
13795,dh9y3ql_INCAS_random,"Emmanuel ""Terrorism is going to become part of our daily lives"" Macron",1,17,4
27953,fvozgnt_everyday_random,"I don't think anyone is suggesting that it is an excuse, but it should be definitely be a consideration when this is formally discussed.",0,17,4
24332,fo2xzcm_politics_random,"So, when you open YouTube, you've crossed over into the jurisdiction if the CCP",0,17,4
20618,fgsoe00_politics_proportionality,I prefer the term self martyrdom. They willingly suffer for no reason,1,17,4
26913,fthlkw4_politics_random,All of my neighbors are older people and they have this area they all walk too and sit and talk.  They are up in arms and are so thankful to be living away from the city.  They barely even watch the news anymore and even the stanunch Democrats in the group are left speechless when talking about this.,0,17,4
26865,ftdsjxr_politics_purity,Thinking antinatalism is about overpopulation or ecology really speaks about how little you care to study or understand the philosophy.,0,17,4
19561,fej42ce_everyday_loyalty,Likewise my friend. Bipolar with pets aswell. Both very well taken care of.,1,17,4
10153,dh5zpc7_INCAS_loyalty,Sarkozy is a leftist and Le Pen is a communist and Hollande is a socialist. Don't forget to take your medication.,0,17,4
37204,g8jgr41_everyday_purity,"if he’s really that fragile probably way more going on with that self esteem than just sex stuff

it’s a goofy thing to say, she giggled, it ain’t that serious",0,17,4
27809,fvmduvi_everyday_random,Break up. You don't need a judgement or advice. You already know.,0,17,4
13438,dh9icjv_INCAS_random,"Final results

Macron : 66,06% !

I, for one, welcome our new centrist overlord.",1,17,4
20736,fh97mad_politics_loyalty,Haha right? The guy who dodged the weed conviction question is supposed to be Progressive? They didn’t even bother mentioning Bernie.,0,17,4
5032,dgdeo6i_INCAS_proportionality,So you're agreeing that we can't get our policies done and that we should just ... accept it ? Melenchon supporters do oppose the current European Union that forces us to liberalise parts of our economy and to apply austerity measures.,0,17,4
31532,g0vt18a_everyday_random,"The problem with this is that, to him, ""party-ready"" will mean something completely different, and he won't care that part.",0,17,4
5128,dgehgvp_INCAS_random,"&gt; Neither of these issues apply to the upcoming French election.

Really? I thought the French election had at least one firebombing.

EDIT: Never mind, I Googled it, and the firebombing was *against* the populists, not by the populists (Le Pen's people). So, yeah, I am definitely certain Trump would phone up Le Pen if she wins.",1,17,4
9988,dh5c7da_INCAS_random,"Only on there to follow (((globalists))) and (((neoliberals))) including Mr Macron, Mrs Clinton, Mr Obama, Bloomberg, The Economist, and the FT.",1,17,4
13297,dh9g06b_INCAS_random,I'll take ya one further: Many people on the right in America/UK wanted Macron to win. ,0,17,4
47141,glgexsg_everyday_random,"What does she get out of it..?  Like plenty of girls don't mind and like that the guy likes it, but straight up preferring it is something I've never heard of and don't get 😂 Like at least dudes have a prostate, for girls it's just uncomfortable all around",0,17,4
13344,dh9gg26_INCAS_random,"For France, Macron is fairly conservative. He does want to get rid of some of the excessive regulation that is in place (capped 38-hour work week, excessive syndicat strength, etc...), get on par with Germany in that regard, balance the budget. He is certainly further right than Le Pen, concerning the economy.",0,17,4
43451,ggrcbyu_everyday_proportionality,Haha. I still get these. Much better selection than their streaming service.,1,17,4
47001,glb1k3p_everyday_random,bruh u made a mistake but just fess up it’s nbd,0,17,5
24025,fnfykai_everyday_random,How much were you drinking that killed your liver that quick? Even for alcoholics that’s on the younger side of the liver failure spectrum,0,17,5
27006,fto7pnb_politics_equality,Too bad the only way to truly rid society of sociopathy would be decried by sociopaths as sociopathic.,0,17,5
36829,g81bz0x_everyday_random,"Reposting a comment I saw on the last version of this thread:

This whole story reminds me a lot of the intro to the movie adaptation of ""A Silent Voice"". If you like anime/manga you should check it out, or don't.. It might make you feel worse",1,17,5
37792,g921dki_everyday_purity,Do you want to be a doormat all your life???,1,17,5
36946,g88bx95_politics_proportionality,No censoring. Make it easier to bring lawsuits for libel and slander as the law allows. Simple as that,1,17,5
22733,fkychb8_everyday_random,if this happened to me i would strait up throw hands,0,17,5
2290,de0rm2w_INCAS_proportionality,You're welcome - although be wary that it is probably biased since I'm personally hoping for either Macron or Hamon victory. ,1,17,5
36525,g7rz2es_everyday_random,"Thats good news , your friend probably isnt a serial killer then",1,17,5
18760,djluovk_INCAS_equality,"Fascist? Maybe, but Le Pen can certainty be described as far right. A sense of ethnonoatonalism, protectionism, resistance of liberal social and economic views, rejection of international relations and that's all giving her the benefit of ignoring the history of the National Front.",1,17,5
12943,dh98i70_INCAS_random,"You've been bitch-slapped so hard but you're too dumb to even know it. Later kid. Oh by the way, Macron won by a landslide.",1,17,5
3217,deydwdn_INCAS_random,"Almost no chance Wilders will become PM since no other party will form a coalition with his party. 

The french vividly remember when jean marie le pen passed the first round of elections and i doubt they will let it happen a second time with his daughter.

There is no EU president. ",0,17,5
29811,fy0fhxa_everyday_purity,Might not be a great idea. Old plastics and acidic foods may not be the best mix.,0,17,5
38288,g9sl2ko_politics_care,Really? You havnt noticed yet democrats love to solve problems that don't exist,0,17,5
45475,gj6w8v2_politics_proportionality,"I would want to see equal electoral votes by population for this to happen. People hate on California, but they have the weakest electoral votes per capita compared to the smaller states.",1,17,5
18618,djigrlq_INCAS_random,Can we please be on expansionary by then because there is sure to be some fantastic Macron memeing to go on.,0,17,5
21278,figekyw_everyday_proportionality,"Ummmmm, what?

You are seriously mistaken if you think ambien does not have an effect on your GABA receptors. Drugs that act on GABA receptors hamper you from forming new memories, while you are under the influence of said drugs.

I'm not going to comment on your relationship, but you definitely are undereducated on the subject, and you should remedy that, for your own sake.",1,17,5
45874,gjrdel7_politics_random,"Okay, try talking to a combat vet. Most of them are conservatives. Most liberals dont want to actually risk anything. They just want to say they would risk something to get props.",1,17,5
6638,dgni0yq_INCAS_purity,"While the Trump-LePen comparison is ""kinda"" acceptable, looks like Macron is no Clinton",0,17,5
24878,fplputo_politics_authority,"Isn't welfare queen big dogwhistle?

I'm not accusing you of anything, but I've never heard those words not from some daytime news mouthpiece or my literal Nazi grandfather.",0,17,5
35016,g5rbh4j_politics_random,"Well, I guess that settles it. As an American expat living in Europe, this just reaffirmed my long term plans to stay here. Trump will find a way to appoint someone in her place, and the Supreme Court will be conservatively stacked for the next few decades, assuming America survives that long.",1,17,5
3642,dfk1u6t_INCAS_random,"People also don't say that Le Pen is a hated figure in France, even though Valls always beat her in one-on-one polls back when that was a distinct possibility. And that even though he's been a PM, which is not the best way to gain popularity in French politics as far as I know. ",0,17,5
41521,ge1yy1n_politics_random,"So the answer is, no he didn't take civics while in school.

This is  a subject of high school classes not some arcane and remote unexplored region of knowledge.  AND he has highly paid lawyers on his payroll who could have told him this long ago.",0,17,5
20312,fg4c8n6_everyday_authority,Such was the era. Those beat em ups demanded constant sacrifices to the gluttonous quarter eater god.,1,17,5
18125,dj0s5zo_INCAS_care,"All thanks to the trinity of Macron, Trudeau and Ossoff. Questioning my sexual preferences never felt this good.",0,17,5
11621,dh8ofi5_INCAS_equality,"How, they're so incompatible with each other, it makes no sense. Macron is neolib, Hamon is a frondeur socialist, that can't work.",0,17,5
16616,dicladf_INCAS_authority,Implying Merkel and Macron aren't going to serve out their terms. Sad!,1,17,5
25846,frv5jr9_politics_random,"And I bet they fined you for not eating them or for not making enough effort to convey your enjoyment of them to foster ""team spirit"".",1,17,5
606,dcsi2bz_INCAS_loyalty,"Fillon's a Catholic conservative, but even in his party that's a minority position and he'll never have the political means of acting on it. Sarkozy had some hardline reactionaries amongst his advisors and they never could act on it either.",0,17,5
33319,g38vxe8_politics_random,"§my boyfriend needs proof when he can't come bc i get surgery (just an in and out on the same day) so he printed a picture of me in the hospital bed bc the hospital could not give a note to working people, only students..",0,17,5
7205,dgns3rx_INCAS_random,"""So they were controlled opposition designed to take votes away from Le Pen, and she STILL won, also check their bank accounts.""

People on t_d have no idea what they're talking about.",1,17,5
7587,dgo7327_INCAS_proportionality,Of course it's rigged!  They claim Cheminade didn't even earn 1%!  Lies!       ^(J'aime Melenchon et Poutou n'est pas mal),1,17,5
20080,ffhzzzg_politics_loyalty,I am HOLLERING. I wouldn't believe this but I have met so many people that are earnestly like this.,0,17,5
17446,diqpwgn_INCAS_random,so i can avoid imprisonment when macron takes over the world with his milquetoast focus-group charisma,1,17,6
17564,dirpgtg_INCAS_proportionality,"Did you want to bet on Macron's future approval ratings, with the winnings going to a Givewell-approved charity of your choice?",0,17,6
33675,g3pl3ln_everyday_care,"Yes, that makes a lot of sense. I’ve always seeked reassurance for past false memories",0,17,6
33463,g3fn0nk_politics_random,"Fuck yeah, buddy! I’m in Washington State, and we vote by mail. Very much looking forward to filling out that ballot and putting it in the drop box the day I get it. I always use the stub that comes off it to check and make sure my vote got counted, but this year I’ll be obsessed with it. I’m in a blue state, so it’s not *as* important, but I want that popular vote count to be overwhelming.",1,17,6
17725,diswpc8_INCAS_random,I'm sure Macron was too busy getting his homework done.,1,17,6
33699,g3s6bvy_everyday_authority,"This reminded me of ""Not to be racist or anything but asian people HAAAAAAAAA"" vine.",0,17,6
11386,dh81c4e_INCAS_random,"&gt; I just read an email saying Macron's dick is HUGE!

that would explain why his future wife overlooked the difference in age. He was already a grown up in other measurements /s",0,17,6
17257,dinkra3_INCAS_random,"[Corbyn](http://www.pollingdigest.com/home/2017/3/27/corbyns-trumpian-approval-rating)

[Macron](http://www.telegraph.co.uk/news/2017/05/21/emmanuel-macrons-enjoys-62-per-cent-approval-rating/)

Now kindly put your foot back in your mouth.",0,17,6
11457,dh8bkif_INCAS_random,"&gt;Bring back muh Hilldawg at Benghazi testimony flair.

THIS

I mean I'm okay with Macron's handsome face gracing my every post but I need annoyed Hillary back in my life. ",0,17,6
4277,dfy8smq_INCAS_proportionality,It really did shocked me that Macron received backlash for criticizing previous colonialism,0,17,6
46817,gl0om2u_politics_proportionality,"The Shortseller Enrichment Commission only enforces rules against pesky retail, not big hedge funds",0,17,6
17843,divaso5_INCAS_care,"Quite true, and the components (esp. macronutrient content) most certainly matter a lot, I'm only saying they do less than total volume. 

I agree artificial dyes are needless and don't want them myself, but the [link to hyperactivity is tenuous](https://www.scientificamerican.com/article/does-artificial-food-coloring-contribute-to-adhd-in-children/).",0,17,6
7492,dgo1ng1_INCAS_random,I'm surprised by these results. Did Macron get more votes than her? That's pretty amazing given the attack they just had.,0,17,6
39559,gbfumlv_politics_random,"I'll never get kanye, man. What ever happened to ""george bush doesn't care about black people?""

I guess stable genius attracts stable genius.",0,17,6
34050,g4as97d_everyday_authority,"Yes...you can sign away parental rights. If both parents wanted to it would be sending the child to foster care.

In this situation: The second she would’ve signed away her parental rights it just would mean the child is not her responsibly but (if the court rules) she would have to just pay child support.",1,17,6
41283,gdlagox_everyday_random,I’m envious. I saw it on YouTube and wanted to go see it. It won’t be there much longer from the looks of it. But it was a real mindfuck. That’s for sure.,0,17,6
7682,dgoch2f_INCAS_random,I'm not American and I'm pretty well versed in French politics. But Melenchon is too far left for my taste. ,0,17,6
34026,g4ae5wl_politics_random,I'm gonna have to go ahead and sort of... disagree with you,0,17,6
16453,dic2vnl_INCAS_care,how would this prevent something like Macron hiring LePen's children to be his assisstants and LePen hiring Macron's (theoretical) children to be her assisstants ?,0,17,6
39796,gbtma5k_politics_proportionality,this is how you kill any chance of your employees having legitimate respect for you.,0,17,6
7868,dgoq9ll_INCAS_random,"He is center left for social issues, center right for economic policies. I feel he goes along well with the right wing of the PS (neoliberlas aka Hollande, Valls and so on)",0,17,6
7915,dgouiu1_INCAS_random,"Here come the late-2016 accounts with a complete focus on Trump and his America First... and Le Pen, Brexit, Assad and Putin.    ",0,17,6
11905,dh8y8at_INCAS_random,"Not a bad theory. Would explain why they didn't drop the Macron stuff before the first round, when it actually might have hurt him. The actual attack took place before then. 

Still, I think there's a strong chance that it actually isn't the Russians. The twin investigations in Congress both started this past week. Convenient timing. ",0,17,6
23815,fmy0gcc_everyday_random,"Got damn dude just finish the class. You can do it, just keep the lie up in the meantime and finish the class",0,17,6
7939,dgowdrb_INCAS_purity,"He's a social-liberal. Socialism has a meaning, and what Macron wants is not it.",0,17,6
29316,fx18wcm_everyday_authority," nos·tal·gia / noun

1. a sentimental longing or wistful affection for the past, typically for a period or place with happy personal associations.

Not sure the Bush administration applies.",0,17,6
12142,dh91xd3_INCAS_random,I've never seen Le Pen speak live but she is horrendously bitter here. ,0,17,6
39250,gb61ijl_politics_equality,Refusal to believe obvious facts is kind of their wheelhouse,0,17,6
41214,gdh4c8o_politics_equality,You appeal on dismissal of cases ALL the time?  Are they dismissed with or without prejudice?,1,17,6
23440,fm7p3c2_politics_random,Well... he did rig the election... and he did until recently think you could pray it away. Atlanta as a city is vastly different then Georgia as a state. Unfortunately.,1,17,6
15883,di3l4uk_INCAS_random,"I think Macron would be in the green quadrant if he took the questions himself.

But he is in no way that far right on the economy. He is probably centre-left and maybe centre-right on the economy (due to France's traditionally very statist economy). Fillon is the most far-right on the economy and even he would be midway not far right. ",0,17,6
10626,dh77l2d_INCAS_equality,"&gt; especially when the lines between news and opinion are blurred on social media.

Huh, I hate to break it to you, but it's the same for the media.

The media bias towards Macron is unbelievable. They're either pro Macron, or against Le Pen. To find neutral informations, you have to rely on youtube.",1,17,6
15859,di28xx9_INCAS_loyalty,"Yeah Hitler was famous for his socially libertarian and economically liberal policy

s/

Its funny how close [Le Pen](https://www.politicalcompass.org/images/france2017.png) and [Hitler](https://www.politicalcompass.org/images/axeswithnames.gif) are in this test.",1,17,6
32848,g2npe9q_everyday_random,"If OP were to try to pursue legal action, then the husband would easily be able to destroy the evidence, and since that is the only known evidence to people other than the husband and friend, nothing could be done.",0,17,6
30849,fzjvh7v_everyday_care,"Don’t worry, everyone on Reddit is autistic you aren’t alone, we all did it",0,17,6
15788,di17yea_INCAS_random,"American. Dunno who Macron is, but I already like him. ",1,17,6
12449,dh94vjr_INCAS_random,"&gt;  quasi-socialist

&gt; Le Pen

Really?

Edit: 

&gt; downvotes are essentially censorship. 

And yet we can all read and see the bullshit you're spouting.",0,17,6
12425,dh94ne8_INCAS_equality,"Macron is a neoliberal, but he acknowledges that there has to be change to the system. To that end, he's pushing for structural and institutional reforms on taxes and social systems.

The French population is 89% French nationals. 80%+ of the population is either Christian or atheist. France's culture of secular republicanism isn't going away. *Ever.*",0,17,6
12473,dh95386_INCAS_random,"[I think the holocaust memorial museum probably knows,](http://i.imgur.com/8EOLVTgl.jpg) and Trump and le pen both tick a worrying number of those boxes.",1,17,6
41072,gd9guex_everyday_random,"NTA.   I just googled “Victorian-style wedding dress” and it turns out there is a *huge* industry for old-style, fairytale and steampunk wedding dresses.   I suggest that you type this search into Google for your cousin and send her on a hunt for her very own unique dress, because she can’t have yours.",0,17,6
19748,fes1391_politics_random,"You think he wouldn't use violence? Restrict their air, water, food etc?",0,17,6
38570,ga8xoan_politics_random,"2 years private practice. 15 teaching.

Never tried a case.  Never argued an appeal.

Only been a judge for 3 years.

Ruled overturning a lower court saying a  prison was not liable for a guard raping a teenage inmate.  But also had previously said that yes to a different prison being held liable in a seperate case.

She votes the majority.",1,17,6
41966,geq9mo8_politics_random,"nah, people like these bankrupt big IPO's and take a 7 or 8 figure severance package before moving on to a ""life coach"" role and consult for a couple grand an hour",0,17,6
12663,dh961n7_INCAS_random,Most people who vote Le Pen have never seen a Muslim in their life. ,1,17,6
15574,dhshxid_INCAS_random,There will always be fringe groups.  It is only when existing political parties become unresponsive and stagnant that people are more easily swayed by a fringe group.  It appears that Macron is trying to infuse dynamism into his cabinet and the French political landscape.  ,0,17,6
12687,dh96dae_INCAS_random,"They keep posting that twitter video of an envelope with multiple Macron ballots, which is both maybe the easiest thing to fake ever if you have two french people and completely inconsequential because unless you request to vote by mail (which isn't really a thing in France for some reason, but then again they vote on the weekends so it doesn't matter quite as much) you use the ballots provided at the polling station.",1,17,6
18477,djbs0lv_INCAS_random,"With this pipeline they can cut off EE countries without cutting off the supply to WE. And considering Merkels and Macrons response vis-a-vis USAs desire to implement harsher sanctions on Russia, especially in regard to its energy sector, EE is basically being sold out. Gotta keep the German factories running at any cost, i guess.",1,17,6
29504,fxe5abk_politics_random,That’s assuming the NPCs can think. Usually they just reboot when they get a syntax error and start their talk Ing point over.  “You’re a racist because you’re white!”  Time to tweet to all my followers and get you to lose your job.,0,17,6
12734,dh96sg3_INCAS_random,Macron and Le Pen were the least liberal of all the candidates and beat out both of the major political parties that are far more liberal.. How is that a trend away from conservatism? ,0,17,6
42062,gez97o6_politics_random,"Essays, work samples (unpaid, significant tasks), ""skills matrix"" thingies, very lengthy questionnaires with many essay-style questions.  In many cases they assign this stuff before the first interview or even a phone screen, and they don't even promise to look at it and get back to you with feedback.  So you could spend several hours on some task and get totally ghosted.  Happened to me a few times before I started refusing.",0,17,6
31413,g0lyt4n_politics_random,Remember when Mittens was raked over the coals after video leaked of him saying something like 45% of Americans would never vote for a republican?,0,17,6
39915,gbxvn6l_politics_random,Nope. It only gives them power and they have no shame. Let them whine for a few weeks and then they won't care.,0,17,6
35534,g6ukgrz_everyday_equality,Looks like the attorney is embarrassed to be involved in this case.,0,17,6
8546,dgr41ed_INCAS_random,"Ou on continue de les ignorės en faisant semblant d'ecouter.  Tu crois qu'il va faire quoi Macron exactement? 

C'est un surcis mais le probleme du FN partira pas tout seul.",0,17,6
22191,fjut8ay_politics_equality,"How about skewering anyone who critiques Bernie's policies when they comment, would that also be saying we don't respect them and don't need their vote?",0,17,6
24784,fpgl0e0_everyday_random,"Were you a teenager when he started dating you?

Teenage years to mid twenties is a period of huge personal growth for most hence why your situation is very different. 25 and 30 is an age difference that most would not blink an eye at, you're in the same stage of life.",0,17,6
42269,gf67e5v_politics_care,The most extreme example of confirmation bias. Someone doesn't say what you like so you go somewhere that does.,0,17,6
45638,gjeo3os_politics_random,i would LOVE to use my time to go back to school and learn new things but unfortunately i have to pay my rent so i have to spend it in my dead end job i hate.,0,17,6
42199,gf3pbd6_everyday_purity,Thank for the cool science! It is like a weird alien fish thingy. Clumps of cells are so cool!,0,17,6
18595,djex7sd_INCAS_random,"nah, the party's name literally has the same initials he has, they owe their presence in the assembly to him, it's his fucking boat, Hollande lost the loyalty of a bunch of members of his majority during his term because they didn't owe him shit, the party was bigger than him

the situation is pretty much the opposite of what you said",0,17,6
37959,g9ea5r5_politics_random,I doubt it’ll get to that as I don’t think many networks will cancel prime time on such late notice usually. But I can easily see trump not showing up. Or just spending the entire time tweeting from the podium,1,17,6
20594,fgsd3rf_politics_loyalty,ohh I see yeah makes sense stay strong comrade take care,1,17,6
8712,dgsisil_INCAS_random,"That's because it's in the north, an area which heavily supports Le Pen anyway",0,17,6
42812,gfukjaa_politics_care,If I am my mental illness is worse than I thought lol,1,17,6
3075,der0djr_INCAS_random,"So far the only comparison i see between Le Pen and Wilders is that they both dislike Supranational Unions and they both think the islam is not compatible with western culture.

Not French though so i don't know that much about Le Pen.",0,17,6
15028,dhg6xrs_INCAS_random,"Looking at your link, I only count 21% promises (13/60) that were not at least partially held or attempted. Even counting the extra 15% partials as not held, that's around 65% of his promises that Hollande fulfilled or is in the process of fulfilling, which is pretty close to my earlier estimate.

Personally, I'd count attempted but incomplete promises, because actually getting things done is a measure of ability rather than intent to keep promises.",1,17,6
2885,dekvetu_INCAS_random,But Bernie and Clinton were on the same side of the divide. I'm not sure how can you claim that centre-right will come up to support left Macron but not the centre-right Fillon...  Seems like a wishful thinking.  Don't get caught in it as everyone was caught in thinking that Brexit will never happen and Trump will never win. You can't count on centre-right voters supporting left candidate over right candidate no matter ho much you personally dislike one of the candidates.,1,17,6
14956,dhfuq78_INCAS_random,Tbh I'm down with r/neoliberal following Macron and raging/celebrating at his every move,1,17,6
2861,deklhl4_INCAS_equality,"They are both pro-europe, for mixed market economy and somewhat social progressive (at least not social conservative). It will work better than hollande-merkel or le pen-anyone. ",1,17,6
9940,dh570vp_INCAS_random,"Those conflicts are probably gonna be put on hold until we have a president who doesn't have massive conflicts of interest. Breathe easy for now, Dutchbro. Assuming Macron wins.",1,17,6
9964,dh5b2gd_INCAS_random,Consider the amount of Obama voters who stayed out of the election or flipped Trump because of email-hysteria. If Russian propaganda in France is at even 1/10th the level it was for the US elections then they've probably already convinced a sizable portion of the electorate that Macron eats babies.,0,17,6
24049,fngx5gq_politics_authority,"Socialism is not communism. People refer to gov subsidized healthcare, welfare, and social safety nets as socialism. Well, if free enterprise depends on government subsidizing them every ten years or so from collapse, that's a form of socialism. The label doesn't really matter in the end. The capitalists can't use gov interference as some sort of argument against social services if they by the same token depend on a type of subsidy every ten years to keep them afloat.",0,17,6
28117,fvtmzrs_politics_random,"Brilliant!  Nearly a year ago, clairvoyant racists anticipated that Bubba's racing team would be assigned the garage during a period of racial unrest...",0,17,6
27833,fvmh5o0_politics_random,It's illegal to live in germany and not have insurance. Public insurance must cover you.,0,17,6
9112,dgwgsfc_INCAS_random,"Let me be skeptical. Macron was a Hollande's minister (the most detested president in the French Fifth Republic), but the magic of marketing has achieved Macron appears as if he was a politician who has stemmed from civil society for regenerating French politics and as If he wasn't related to Hollande's government nor his policy.

Too much optimism, in my opinion.",1,17,6
6027,dgmd2ij_INCAS_care,"Whatever happens, she will lose. But her defeat would be less important against Fillon.",0,17,6
14413,dhbnouh_INCAS_purity,"I'm using the term *ethnicity* in all the meanings. A word doesn't have an inner, determined and true meaning; the meaning of a word is steadily constructing by the speakers of a language. If people in the US use *ethnicity* as a synonym of *race*, the term *ethnicity* acquires also that meaning, moreover the anthropological meaning.

I guess if they have French flags celebrating Macron's victory, they'd likely feel French.",1,17,6
14246,dhappf7_INCAS_loyalty,"Yes, I assumed that, but it was a hyperbolic expression. 

Apparently Le Pen is not a fascist as you're not really backing your claim with any evidence?",0,17,6
9774,dh41iap_INCAS_random,"Macron is socially progressive, pro-environment, and a social-liberal/neoliberal on the economy. He would be classified like Barack Obama, Justin Trudeau or Paul Keating. He seems right wing on the economy because France is very left on the economy.",0,17,6
18854,djmemq2_INCAS_equality,"This is the French justice system which has no parallel to the American legal term of ""charged."" [This comment](https://www.reddit.com/r/worldnews/comments/6kg70v/le_pen_charged_over_funding_scandal/djma1m3) gives a good explanation. For all intents and purposes right now, Le Pen must defend herself in court.",0,17,6
2527,deejsxl_INCAS_purity,"Maybe I'm misunderstanding something, but doesn't ""glorify"" mean ""to show something as positive""? Le Pen is clearly opposing them here.",1,17,6
22570,fkmutuh_politics_random,Every other age group manages it. There are also alternative voting methods based on the state you're in. Young people are just lazy when it comes to voting. It's not a priority. It rarely has been.,0,17,6
24571,fp2mwux_politics_random,Maybe he stopped listening to Michelle like the most of the country.,0,17,6
27976,fvpk0ng_everyday_equality,"Or trying to make trans people look like they are crazy, erratic and quick to anger over unreasonable slights.",0,17,6
30118,fyiqh1q_everyday_care,"Took advantage of the system didn’t hurt anyone really, I woudlnt stress it, maybe people disagree but whatever",0,17,6
2408,de67esn_INCAS_loyalty,"Does anyone else have enough negative electorate, that people would vote against them, instead of against Le Pen?",0,17,6
31839,g18pso9_politics_random,"I think we’re already done as a force in the world. 

Now its just damage control - we have a raging bull loose in a china shop, and the faster someone tranquilizes it and drags it out, the better.",0,17,6
9609,dh3dr6x_INCAS_random,"Because it's not one big vote, it's a small election in each constituency. If the trends of the presidential election happen in this election, you don't have Melechon getting 20% of the seats, you have Melenchon losing a lot of local elections by arriving in fourth place, only winning a few where the social makeup of the constituency is different enough to his advantage, or his candidates were better than the alternative.",0,17,6
44934,giljrn6_politics_loyalty,"""Apple, who lobbies against anti-slavery laws, is threating to ban parler."" is a better way to say it.",0,17,6
19229,fdncxld_politics_random,"I left my last job cause they banned headphones, yet they still had 20 deaf people working.",0,17,6
2267,de0nt34_INCAS_random,"Comment section is cancer as usual:

*Helen Spain 21 Feb 2017 1:48PM
Walk away Theresa May. Why the hell should we pay in after we have left? Germany and its collaborator France want to rob us of our money. We paid enough to defeat Germany and to free France from the German invaders.Now they are still toadying to the Germans.



Of course there is one or two bright thoughts. France could vote Le Penne in. Germany could kick out Merkal. Greece will have left the Eurozone. So by 2020 the EU could be no more.*",1,17,6
19253,fdnn34g_politics_random,This man is a liar. He has never been to an Asian anal party!,0,17,6
28802,fwjx971_politics_authority,"Isn’t that troubling? People define themselves by a position that they don’t control.  
  
Human beings can be anything",0,17,6
10436,dh6v55p_INCAS_random,Call me crazy but does anyone feel like the release of a bunch of documents that solely paint Macron in a good light while flaming anti Russian resentment is a little TOO convenient?,1,17,7
7372,dgnymkj_INCAS_random,"Also the only big army left, which is why Macron is important, he is in favor of an European budget of defence.",0,17,7
5625,dgjb7gm_INCAS_loyalty,I am. Do I need to repeat my question or what? I don't see any Le Pen supporters excited about a fucking terrorist attack. ,1,17,7
4536,dg3lkkn_INCAS_random,"The fact that nobody likes your current president and the current frontrunners in the next election aren't part of any mayor party(maybe le pen but she has the anti-establishment thing going on)says enough. People don't like your current politics and don't see any way of this getting better, so you get far right and far left candidates.",1,17,7
33226,g36004a_everyday_random,Just so you know its 100% none of her business why you go to any doctors appointment and if this is a usual occurrence you would be within your rights to sue your workplace.   You are obligated to show proof of a DR visit but not why you went.,0,17,7
11764,dh8s84q_INCAS_equality,"They want Le Pen to win to finally convince the Muslims in Europe without extreme tendencies that countries like France despise them, and get more people to fight on their side. Nowadays, Muslims extremists are a minority and that bothers ISIS. Le Pen would help their narrative.",0,17,7
24262,fny3nee_everyday_proportionality,"Honestly self service buffets are pretty disgusting. Those utensils for one thing are filthy, and the potential for contaminating food intentionally or otherwise is very high. 

Buffets can still exist if the food is behind a glass wall and restaurant employees are the ones filling your plate on the other side as you instruct them on what you’d like. This might also help with food waste as you’re less likely to overfill your plate because you can...and workers can easily limit food to a certain amount at a time.",1,17,7
7705,dgodhkn_INCAS_random,Yeah it also makes it look like like Macron didn't get that many since there are plenty of places where he is not first but a strong second for example. And those votes counts too.,0,17,7
21606,fisr1rd_everyday_random,Own up to it? That would be the dumbest thing they could do,0,17,7
5980,dglralf_INCAS_random,Russian trolls are pushing bogus stories in French and German elections. Research shows that up to a third of ex-trump pushing twitter accounts have now switched to push Le Pen in France.,0,17,7
25869,frw0rhe_everyday_random,Why is no one bothered by OP's mom reading their journal tho,1,17,7
722,dcz0w6r_INCAS_random,"Extreeeemely unlikely in 2017, it's virtually impossible for Le Pen to win the second turn. If there is a risk of disruption, it's in Italy'",0,17,7
23677,fmr8jxb_everyday_random,"As a professional painter, I can say this would be frustrating. But very amusing. We would simply assume something didn’t work with the compound. Don’t worry, you probably just made a painter very confused.",0,17,7
23791,fmv61lm_politics_random,The equivalent of sticking your fingers in your ears and humming when you've lost the argument.,0,17,7
1889,ddwo4z3_INCAS_random,Well i just hope that by someone decent you don't mean trump or le pen ,1,17,7
24191,fns6hrq_politics_care,"Friend, if there's anything I've learnt is that if you expect people to see through celebrity culture, you'll be sorely disappointed, capitalism is really good at programming its drones.",1,17,7
37346,g8o9h3c_everyday_random,Oh damn I didn’t even read that. Solid point. And excellent suggestions on where to look.,1,17,7
7985,dgp2dsy_INCAS_random,"That's my problem with this. Hollande hovering at 4% approval isn't exactly going to be bringing more voters into the fold by supporting a candidate. If anything, he should support the candidate he wants to lose. ",0,17,7
29927,fy9fhpl_everyday_equality,"That's not true in the majority of countries (nor in the majority of US states, if you're American)

Age of consent being 18 is the exception, not the rule.",0,17,7
7962,dgoyjh5_INCAS_loyalty,I don't understand why people say Macron is also an anti-establishment candidate when all the establishment parties are backing him. ,0,17,7
29199,fwwx7fm_politics_proportionality,"500% match offer? WTF is that even supposed to mean, Trump is donating $5 to himself for every $1 they give him, like fractional banking corruption edition?",1,17,7
8922,dguxcje_INCAS_loyalty,"Damn, how will they collect data to frame Macron as fascist nazi neocon Soros (Rotschild) stooge. And pervert.",0,17,7
18243,dj60xx9_INCAS_random,WE WISH WE COULD HAVE AN EN MARCHE HERE WITH DADDY MACRON AND MUTTI MERKEL,1,17,7
34969,g5q9f6w_everyday_random,Please reread OP's post. HE LIVES FOR FREE WITH HER IN HER PARENTS' HOME.,0,17,7
41119,gdbzfcb_politics_equality,"Makes all their ""Trump is Hitler"" talk much more logical.  BS oppression public relations battle",0,17,7
46200,gk2zska_politics_equality,"That’s the argument for embracing gridlock, learning to love the rule of the Supreme Court and Executive Actions.

If the GOP regains both houses it’s their turn to pass laws, but they don’t have a popular agenda to pass.  They can repeal but they don’t have the intellectual cohesion to replace.

Also,

DC/PR statehood need only 51 votes to pass.  Biden should right the historic wrong and return 3.7 million Americans full democratic representation.",1,17,7
15811,di180hh_INCAS_random,"Feel bad for Abe. He had no idea it was coming, Trudeau and Macron had probably seen the shit Trump pulls. 

Abe's expression after is priceless though

God and its so awkward how both parties know whats happening and have to stare into eachothers eyes whilst acting happy, especially with trudeau, both are probably pulling as hard as they can. ",1,17,7
28354,fvzoe76_politics_random,"I have a feeling the Texans aren't going to be too happy or quick to comply. I dont understand shutting down the whole state, houston is the big problem right now, just put restrictions in place for the Houston area.",1,17,7
28588,fwe76h8_politics_purity,Just because something is political doesn't mean it's not a breeding ground for hate speech. They banned ChapoTrapHouse as well.,0,17,7
42697,gfpj0ye_politics_purity,"""Those who make peaceful revolution impossible make violent revolution inevitable."" JFK",1,17,7
27617,fvbgc1y_everyday_loyalty,"I have another confession, I didn’t ask whether or not you asked",0,17,7
12710,dh96l4y_INCAS_loyalty,"Fascism has inherently nothing to do with right wing. That purposefully vague definition is fake and trying smear all right wing politics under fascism.

Sure antifa is not actually fascist, but Trump, Le pen, Milo or free speech activist are not either.

",1,17,7
45614,gjejym3_everyday_proportionality,Absolutely not automatically assumed. People's feelings can change without anybody else being involved.,0,17,7
6474,dgng1my_INCAS_purity,"&gt; I know, this result is probably for the best. But as a political junkie, it is boring as hell.

For someone that has to live with the consequences of ""exciting politics"" for a large part of their adult life, I'll gladly take boring, stable Macron over well....what we have.",1,17,7
32566,g2az5jj_everyday_random,"&gt;play fight over whose last name the dogs and cats get to take.

Well the dogs take your BF's last name and the cats take yours. Don't you KNOW that?!? All dogs are boys and all cats are girls. Duh! It's a scientifically proven fact!!",0,17,7
10555,dh764fu_INCAS_care,"Nothing interesting in them. You should obtain them yourself...you will be dissapointed. Apparently contrary to the msm le Pen doesnt want to kill all the jews. Dissapointig, isn't it?",0,17,7
33580,g3kc4qo_politics_random,"The real thugs drive trucks through Portland. It's eerily similar to 

This: https://en.m.wikipedia.org/wiki/Sturmabteilung

And this: https://en.m.wikipedia.org/wiki/Blackshirts",0,17,8
28778,fwjou7h_everyday_random,somebody did this at my school sophomore year in the hallways and my classes. i hated him with a burning passion after that,0,17,8
31461,g0oqtv9_everyday_random,"Well I’m sure you wore a condom to ensure that you would not become a parent and for that reason, I would certainly request a DNA test upon the birth of this child.

I would break up as I don’t see how this continues after such a disruptive event. 

As for that vasectomy...do that little thing.",0,17,8
15407,dhnlic1_INCAS_random,"The leaders of the free world are Macron, Trudeau, and Merkel. They don't have neck vaginas.  ",1,17,8
15431,dho8gi0_INCAS_proportionality,"Exactly. We do it as well, so our voters deserve to have it explained to them why we should engage in Macrons ideas for example.",1,17,8
38241,g9q4lch_everyday_purity,A lot of people still equate mental health treatment with weakness and shame.,0,17,8
3265,df2exkk_INCAS_proportionality,"What I'm asking is how the winners will handle it. Not so much the losers.

Having socialist/republicans gain 40% against you isn't scary. I assume Le Pen is, unless detractors have been hugely hyperbolic (I don't think they are).",0,17,8
8504,dgqz7nc_INCAS_care,"How many people identify as neoliberals? Even Macron doesn't call himself that, I think - so it's hard to define neoliberalism because of that.",0,17,8
25965,frzv1wx_politics_proportionality,"&gt;If you honestly thought that anyone here was arguing that being socialist means you can never make stupid decisions, you're deluded.

isn't it kind of obvious he's delusional though?

e: he's part of the ""universal healthcare means waiting 60 gorillion jorillion years"" crowd, he's definitely delusional",0,17,8
42883,gfvc1fe_everyday_equality,"NTA 

how in the worldt she think she poor? Geez the entitlement",0,17,8
8457,dgqxc1e_INCAS_random,"Russian political commentators are hoping for a terror attack to boost Le Pen's chances.

https://www.youtube.com/watch?v=ZI4ubO6SMao",0,17,8
38336,g9vf8a7_everyday_random,Do they still make these?  I spent the night at a friends house in jr high in the mid '80's and her mom had one.  She insisted we sleep in it.  It felt so weird and I hated how it rippled with even the slightest movement.  I wound up crammed at the edge.,0,17,8
20478,fgjbfoe_politics_random,"They had 3 years to produce ZERO results.

Oh, this wasn’t about Congress.",1,17,8
22238,fjzvblr_politics_equality,"A number that is not outside the historical norms. There’s nothing unique about a minority of primary voters not supporting the nominee they didn’t vote for. Plenty of ‘08 Clinton voters didn’t vote for Obama in the general either. 


https://sites.duke.edu/hillygus/files/2014/06/hendersonhillygustompsonPOQ.pdf",0,17,8
18571,djdqp2j_INCAS_purity,Shills present are just mad because their basements are too full of waifu pillows to get a Macron body pillow,0,17,8
3312,df4zqd8_INCAS_equality,"lmao, replace Muslim with Catholic and you have the Fillon's situation here.
Though religious nutcase love when politician show their religion and don't really care if it's a Tartuffe.
Others, religious or not, don't care about religion when it come to politics.",0,17,8
19772,fesphpe_everyday_authority,He knows the rules.  You did a service to the community.,1,17,8
27785,fvmahiv_everyday_random,I’m guessing they‘re referring to the fact you were a minor and the “working lady” was (likely) not?,0,17,8
3383,dfbaqbv_INCAS_proportionality,Does Le Pen stand any chance in the second round? I'd assume that Fillon voters will be split more or less evenly and that Hamon and Mélenchon voter would either vote Macron or not at all.,0,17,8
12306,dh93txa_INCAS_purity,According to them Macron is a meth smoking pedophile. Not the most gracious of losers.,0,17,8
27457,fv332zd_everyday_proportionality,"Not sure why they’re bothering to swear you in. Your word clearly doesn’t hold much weight, what with the affair and all",1,17,8
4819,dg9sdgp_INCAS_random,If the second round is between Le Pen and Melon then France must be dissolved. Literally a meme country. ,0,17,8
30589,fz5t0ai_everyday_care,"Ugh, our teachers insisted we use this. No yahoo under any circumstances",1,17,8
44582,gi647ll_everyday_random,"So ur saying, suggesting her to get a job is a fumble, but convincing the guy to dump her is not ""getting into their business?"".",0,17,8
45452,gj630qh_everyday_proportionality,"You know, using an induction cooktop this’d actually be pretty safe and viable!",0,17,8
8898,dguwdpu_INCAS_care,"Do you think Macron's latest lash out against Poland, threatening sanctions, will help? ",0,17,8
5294,dgfdr98_INCAS_loyalty,But Fillon is much more hated than Chirac and lots of left wingers don't want to vote again for a corrupt politician.,0,17,8
25041,fq2ytcw_politics_purity,"How do you prove yourself not racist? 

What can someone say in the moment against baseless claims of racism?

Since it’s guilt until proven innocent when it comes to whites and racism, what can be done?",1,17,8
3499,dfcxuoa_INCAS_random,"You've seen how fucked the US and UK are, right? We certainly did and France is not going to vote for Le Pen.",1,17,8
16143,di6ymym_INCAS_care,More like Macron alone. I think that Merkel would never say something like that.,0,17,8
44135,ghics0g_everyday_authority,60s isn’t even that old. Why is everyone acting like she’s going to keel over and die at any moment?,0,17,8
12118,dh91uep_INCAS_random,"You know, t_d was right. The polls were entirely wrong, and had the largest error in history!



Too bad the error was underestimating Macron.",1,17,8
1074,dd8qtqu_INCAS_loyalty,IIRC he was supporting Fillon and even told him to present himself as he doesn't care about the accusations.,0,17,8
25917,frywx61_everyday_random,"I think his curt hi and bye is an effort not to draw too much attention that there is more than just platonic feelings there between them, especially since they limit their interaction when he's there. Also, it keeps the road clear in terms of his conscience if he ever did end up with her, like he didn't steal his friend's woman.",1,17,8
34590,g56m96o_politics_random,"Yeah, it's so abusive when they make everything a high-stakes situation. Like calm the fuck down lol.",1,17,8
28093,fvth4f4_everyday_purity,"I would assume that botulism is a minor risk.  IIRC, the bacteria that produce botulism toxins is pretty sensitive to acidity, and the inside of the cans should still be sterile anyway.  I think there's YouTube videos of people eating old canned goods, and they don't die. 

There might be some loss in quality, and I'm not sure what kinds of things might leech from the can's lining over time, but you could probably still eat it if you had to.  I personally wouldn't though.",0,17,8
16286,di8luuj_INCAS_proportionality,So what? It's Macron's *opinion* that Trump is a fucking yutz with a sum total of zero clout to dictate terms on world stage. Just cuz it hurts your feelings doesn't make it a bullshit story.,0,17,8
14627,dhdaw48_INCAS_random,"It's funny how much the foreign media focuses on this because it's something the French Just. Don't. Care. About. 

Look at François Hollande's love life, that shit's bonkers, and when it ended up in the tabloids, the French were more offended at how crass the papers were for airing his private life than anything.",0,17,8
39868,gbutp8u_politics_random,Yeah I purposefully make shit harder for myself at work because sometimes I can blow through my shit at work. Kinda sucks but also a little interesting to find ways to make tasks last longer than they should. Also staying busy makes the day go by faster.,0,17,8
43970,ghg59zb_politics_purity,Yep. This is perfectly normal folks. Nothing to see here. Smells like a bed of roses,0,17,8
31604,g0zewxm_everyday_random,"She’s probably got BV, bacterial vaginiosis which creates a “fishy” smell. Diet isn’t really that related apart from general health benefits to the body generally but she needs to see a gyno, GP or get some over the counter treatment for down there.",0,17,8
34521,g52k6h7_politics_purity,"Oh God. I'm so fucking sick of hearing that ""mindfulness"" will help my depression/mood issues. STFU&amp;GTFO, I am so fucking present it hurts.",0,17,8
25113,fq7wf3u_everyday_random,I wish wish wish wish wish wish wish wish wish wish wish wish they still made these for modern systems. I LOVED this franchise.,0,17,8
4607,dg78m5b_INCAS_random,"TE wrote two positive pieces about Fillon, mostly because they love his programme, it was the most liberal (in the economic deregulation sense)

http://www.economist.com/news/europe/21711039-it-enough-beat-marine-le-pen-fran-ois-fillon-mixes-rural-conservatism-thatcherism?zid=307&amp;ah=5e80419d1bc9821ebe173f4f0f060a07

http://www.economist.com/news/europe/21711520-challenged-far-right-mainstream-socialists-and-republicans-pick-unusual-moment?zid=307&amp;ah=5e80419d1bc9821ebe173f4f0f060a07

After the incident they jumped on Macron.


",0,17,8
7797,dgofqtf_INCAS_proportionality,"True, but it's economy and negligence of the environment that bothers Melenchon voters. Macron offers them nothing in this regard. On the other hand Le Pen might be attractive to them in terms of regaining sovereignty over economy but has this obvious negative baggage of nationalism. It's really lose-lose to them of similar magnitude in both cases.",0,17,8
7134,dgnr9nk_INCAS_random,"They make an important segment of the political right though not a majority one. Compared to society in general Catholic conservatives are a small minority. 

Fillon played up his Christian beliefs a bit during the primaries but then shut up about them. And I'm assuming his admission that there would be members of Sens Commun (conservative christian movement who support Fillon) in his government hurt him. For example Alain Juppé said he couldn't support a government with Sens Commun in it.",0,17,8
1960,ddz8plx_INCAS_care,"I'm implying that without appropriate knowledge (which you are arguing to block) you are creating a breeding ground for sweeping claims and rumours to take root, something which people like Trump (or Le Pen or what have you) thrive on. ",0,17,8
3925,dft79le_INCAS_random,"I'm a little annoyed at the way this is reported, Le Pen getting 40% in the second round is not a crushing defeat. That's is 40% of the electorate capable of voting in a far right party in 2017, and a worry for the future. These fools will be patting themselves on the back when Le Pen loses, when they should be worried that she has captured such a huge percentage of the vote, note her father couldn't even get 18% in 2002. How many more years before she gets majority support? That is what we should be talking about!",0,17,8
39274,gb659c0_politics_random,"How can SCOTUS flip a state for Trump? 

Do they need concrete evidence that ""200k were fraudulent. dont count those... okay now it says Trump wins with this count... Trump wins the state""",0,17,8
21583,fisormo_everyday_purity,In my state it's felony voyeurism. In most states it's atleast a misdemeanor,1,17,8
32378,g24rt1g_politics_random,The police should not be in possession of this footage to begin with. It should be live streamed to a third party site as well as written to local storage which should be turned over at the end of each shift.,1,17,8
30518,fz1v6uv_everyday_random,The state is literally paying the step daughter $400 a week to take care of his kids special needs.,0,17,8
20877,fhnrbo9_politics_random,Middle managers often micromanage because they have little actual work of their own and are insecure about their own uselessness.,0,17,8
676,dcuxaud_INCAS_random,"Nah. It's entirely satire based. All those subs like Le Pen are almost all /r/European mods (sub was quarantined due repeated genocide calls back when Reddit had a backbone) and are essentially all Americans. 

The Schulz came from /r/de ",1,17,8
11669,dh8qacb_INCAS_random,"Some people think that Le Pen poses a threat to France itself, and regardless of the EU, France is a part of Europe.",0,17,8
33367,g3bet54_politics_random,"A vote for Kanye is a vote for Trump. If you like Trump, feel free to vote for Kanye instead!!",1,17,8
11693,dh8rfu1_INCAS_random,"But France's current government *isn't* a Liberal government - it's a socialist government.

Macron is the Liberal candidate...",1,17,8
2101,ddzrbbz_INCAS_purity,"Genuine question (I have no idea about the candidates aside from their very basic political orientation and poll numbers), what's wrong with Macron?",0,17,8
9655,dh3gclx_INCAS_random,Le Pen lacks stamina (or drank before). Macron is channeling his inner zen like never before.,1,17,8
33932,g46n1dn_everyday_loyalty,"Funny how everyone was saying ""Windows 7 sucks! I'll stay with XP forever, even if it's not supported!"" now it's the same with 10 and 7",1,17,8
21746,fixhrc1_politics_loyalty,No thank you. I will not subject my children to such propaganda.,1,17,8
43188,ggbe0mi_everyday_random,"By that logic women can't be lesbians if they use penis shaped sex toys. And gay men aren't gay if they are the ones that do all the penetration.

""Wanting to try pegging is gay"" is the sort of statement that makes sense as long as you don't think about it for more than a second, but it can't hold itself up and doesn't actually make sense.",0,17,8
299,dcjwrre_INCAS_random,"&gt; He may well be president but have Fillon as PM

Nope! That is absolutely impossible my good sir.",0,17,8
4157,dfwkgwc_INCAS_purity,This craziness of calling Le Pen a fascist is a dangerous game. Desensitization to political labels is indeed a thing.,0,17,8
7325,dgnuuoi_INCAS_random,"Is there a Melenchon or bust movement in France, or is pretty much everyone on the left voting against Le Pen?",0,17,8
23583,fmj23vt_everyday_loyalty,"Whatever their motivation, if they are still working, they are heroes.",1,17,8
23559,fmiar9g_politics_random,"Sooo I'd point you in a direction to read about the Haymarket affair, may day, unions and strikes.",1,17,8
39439,gba3n58_politics_equality,3rd world countries have voter ID’s and we don’t. It’s laughable.,1,17,8
7396,dgnyrbt_INCAS_purity,"Trudeau's a populist idiot, Macron seems to have some brain cells between his ears. ",1,17,8
11291,dh7spk8_INCAS_random,"Most millennials are centrists but they will embrace neoliberalism because that's the ideology of Obama, Trudeau, Merkel, Clinton and Macron. Socialism is only cool when you're a teen or burned out pot smoker. The right wing is a result of Russian money being poured into troll farms to convince people to vote for candidates who will hurt them and benefit Russia. The far right never does well in election because most people aren't Neanderthal. ",0,17,8
5601,dgjarpr_INCAS_care,"I understand that you may be annoyed about the attacks, as a lot of people are, but what exactly do you want to do by ""growing up and acting""? What do you want Trump, and possibly Le Pen to do? The Middle East is constantly getting bombed regularly and it's clearly not stopping terrorism. Do you want them to nuke it or something? I understand that something has to be done and I agree but what do you actually want them to do?",0,17,8
25563,fqz943f_everyday_random,I can see needing to keep the stash on you so parents don't find it. Slip it in your jacket pocket and forget about it (until you have to go to the office for some reason haha),1,17,8
17422,diqmnou_INCAS_proportionality,I hope Macron's voters remember voting tomorrow. No complacency pls!,1,17,8
30966,fzmxyhc_politics_random,What these lunatics say makes absolutely no sense. The only conclusion I can reach is that they have severe mental problems. It is a deranged movement from psychologically ill people.,0,17,8
46929,gl8apov_politics_random,My back issues is what got me disability. Document everything. The more documentation that you have the quicker it is. It affects your entire life. You can hardly walk far distances nor can you stand or sit for long periods. Make sure that any injury affects your functional capabilities,0,17,8
11267,dh7rtx9_INCAS_care,"Macron fanfiction and erotica is always welcome here.  

Also yes, we are unironic neoliberals even though the memes often exaggerate for comedic effect. People who don't necessarily identify as neoliberals are also welcome here as long as they observe the rules.",1,17,8
8617,dgrn8z2_INCAS_proportionality,"Hmm... If Le Pen doesnt win and yall give us an special status (dont worry! just means our own governament capable of deciding our futures, including educational language) I'm up for it! 😋",1,17,9
25728,frlxqcf_politics_random,"It's not much but I have started being openly hostile with the facts towards my ""friends"" who are posting absolute nonsense on their social media accounts.

One of them just never responds, waits a few hours, and then quietly deletes. The only time she ever responds is if someone else tries to debate me.

It's a fucking sad state of affairs.",0,17,9
17328,dinvls1_INCAS_random,Macron is about to win a big mandate. Merkel is heading for a fourth win. Which side of the Brexit negotiations is strong and stable?,1,17,9
40576,gcm3b6l_everyday_random,"Hey man, your job is printing. You did that. Don’t think on it too hard. This is how big corporations scam Americans all the time.",0,17,9
30470,fyzdet2_politics_care,"Yes, nothing says ""rational adult"" like printing ""fuck your feelings"" on your face.",0,17,9
20783,fhavrb7_everyday_loyalty,I was uncomfortable too. Especially when the partner accused OP of being jealous. This feels like her acknowledging the relationship is borderline sexual.,0,17,9
42151,gf2kgrl_politics_purity,"Honest question: what the shit does the GOP think ""democracy"" is if they're endorsing this type of behavior?",1,17,9
6098,dgmu2xr_INCAS_random,"Reminder: The French polls start closing in 10 hours.

One thing to keep an eye on: how Le Pen does in areas with high unemployment. The Nationalist parties across Europe have uniformly done well in areas with high unemployment, regardless of their economic message. ",0,17,9
20198,ffxkzf9_everyday_authority,"You owe $587,433,922.48.  Please pay this to Blockbuster immediately or your rental privileges may be suspended.",0,17,9
22615,fksawy0_everyday_purity,There is no such thing as a spare taco! That is the real sin here.,1,17,9
31084,fzqu4l9_everyday_random,"You can't sell diamond rings for more than a small fraction of the new cost- someone I know tried to sell her ring post divorce and was getting quotes of 2500 for a ring purchased for 10,000. The ring was from a reputable national jeweler as well.

He probably figured it was better for his fiancee to have a more ""valuable"" ring and didn't think about the bad emotional connotations.",0,17,9
22966,fl9fw7r_politics_random,"Money creates all the problems it proposes itself as the solution to. I long for a post-money world, but I don't think it's coming any time soon. I am patient, however.",1,17,9
39134,gb2deld_politics_loyalty,"Cuban-Americans, who Trump has been courting hardcore with anti-socialism messages",0,17,9
1308,ddfxpnl_INCAS_authority,"No, Hamon has said the he would repeal parts of the law, not all of it.",0,17,9
42719,gfpy1q0_everyday_equality,"Ahh, so strong in your convictions, so weak in articulating the reasons why! 

Strange though: if it is so obviously wrong in your view, why do you have such difficulty in defending that view?",0,17,9
35064,g609gpy_everyday_purity,Umm... is there such a thing as dress tax because I’m dying to see that photoshoot! It sounds beautiful!!,0,17,9
16047,di5gmpf_INCAS_random,"It's Trump's go-to power move and Macron put the weak old man in his place. One might say the young bull Macron cucked Donny ""Sausage Fingers"" Drumpf. ",1,17,9
15906,di3nwfb_INCAS_care,"Funny thing - I'd say there's a good chance Trump believes by saying that, Macron is totally convinced that Trump was behind him. Trump, a narcissist so easily flattered (and deceived), genuinely mightn't see how someone would scoff at such transparently insincere praise. ",1,17,9
31744,g14scgm_politics_random,Fox News a couple of years ago actually encouraged people to run over protestors,1,17,9
18358,dj8punf_INCAS_purity,The Rise of Emmanuel Macron and the Death Throes of Things Other Than Neoliberalism,0,17,9
32237,g1wgjts_everyday_random,"Yeah, who is cutting their delicious hunted meat with a Hatchet? Besides this guy, of course...",0,17,9
2813,dejsod8_INCAS_random,"But there is a very clear dichotomy between Hamon and Macron. It is not plausible that Melenchon can negotiate anything with Macron because he is fanatical in his stance for further weakening worker rights. It's part of his programme, it's part of the appeal he tries to put forward to the electorate.

The electorate who votes Melenchon would be happy to stop the bleeding. See for example the coallition in Portugal formed between two ""reform capitalism"" left-wing parties and a ""capitalism-lite"" centre-left party for examples of this kind of dynamic.",0,17,9
2550,deewxex_INCAS_random,"Even during their carnival, french presidents have a love affair with Merkel :)

[Hollande and Merkel](http://www.ruhrnachrichten.de/storage/pic/mdhl/artikelbilder/nachrichten/vermischtes/4567308_1_dpa_1488C6008E365910.jpg?version=1393865869)

[Sarkozy and Merkel](http://img.nrz.de/img/archiv-daten/crop6378204/8632608365-w820-cv16_9-q85/picturegallery-131900-663705-x172y54w2904h2167.jpg)",0,17,9
35746,g72d5d0_politics_random,"Don't forget simultaneously needing to be a ""go getter"" and ""take charge"" and ""you need to learn to do things without me asking you to"" but also having to deal with ""I didn't tell you to do that, you do as you're told"" and ""I'm the boss you listen to me""",1,17,9
26817,ftasov6_everyday_random,"I worked part time as a CFO at a construction company in New Orleans post Katrina and when the guys would come in for their breaks or checks they always smelled so good to me. I think it's the ""fresh"" sweat/smell. Once the bacteria has had time to multiply and whatnot - that's when it becomes funky.",1,17,9
40670,gcrp5td_politics_care,"Education is definitely unfit in America. 

1. we destroy things when we dont get our way (antifa and BLM) 
2.  Most Americans dont actually understand the Constitution, nor its protections. Its not especially taught or concentrated on in school, oddly. So, our younger generations dont have a sense of history, whatsoever.",1,17,9
8199,dgpyom2_INCAS_loyalty,"JM Le Pen is a scary, one-eyed, ex-soldier famous for torturing Algerians, punching MPs and saying that the Holocaust isn't real.

His daughter is far more politically savvy.",0,17,10
15100,dhhd21y_INCAS_random,"I just follow Hilldawg, Obama, Macron, projectexile7 and a bunch of establishment shill publications.",0,17,10
44887,gil3m7g_politics_loyalty,At least we'll get a ton of House GOP members going on record saying inciting a violent insurrection apparently isn't impeachable.,1,17,10
35934,g78945f_everyday_random,"My coworkers girlfriend is *literally* 50% Native American  and she is the blondest, blue eyed, pale skinned looking woman I've ever met. You don't have to look the part.",1,17,10
24403,fo85l2j_politics_random,Thank you very much for responding! I’m going to college in Maine this year so hopefully I’ll be able to join the fight! Good luck on the campaign trail and stay safe.,1,17,10
2125,ddzw08k_INCAS_random,"Why is Le Pen so low in this poll?

Not that I'm unhappy about this.",0,17,10
1819,ddsml7y_INCAS_care,"That doesn't really make sense, just because Islamist hate something does not mean you HAVE to embrace it. Though I disagree with Marine Le Pen's moves here, your logic does not make sense. ",0,17,10
2766,degdmuf_INCAS_random,"I don't like polls every day but this one offers 2 informations I had not seen before (Macron first, Juppé first if he replaces Fillon)",0,17,10
36241,g7gmlsj_politics_care,"Really off topic, but semi related.

Over in r/trump they want to sue Biden for ""slandering"" [proud boys as Nazis](https://www.reddit.com/r/trump/comments/j44jx1/proud_boys_founder_announces_hes_suing_biden_cnn/g7gmd10/?utm_source=reddit&amp;utm_medium=web2x&amp;context=3)

God these people are fucking annoying.",0,17,10
32330,g1zjk9x_politics_equality,"&gt;How will Trump and the magatrolls gaslight this one?

They will say that Mueller said ""no collusion, no obstruction"". (This is not true)

They will say that unless Trump is found guilty of a crime, none of this matters. 

They will say that if Trump is charged with a crime, it's a setup by Obama/Biden/Hillary/etc. 

Nothing matters when you have a vested interest in a particular outcome and absolutely zero need to pay attention to facts.",1,17,10
14294,dhas0zc_INCAS_random,"All I know is I was Macron, I'd keep a Geiger counter by the dinner table.",1,17,10
36336,g7iqr9g_politics_proportionality,A Machiavellian contempt for anything but a single-minded pursuit of money and power is a requirement.,0,17,10
44558,gi5cl6b_everyday_equality,"It’s a premeditated, violent offense. Coming from an ex-convict (nonviolent drug offender), I would say..hell no. That girl must have some psychopathic or sociopathic tendencies to be engaged in that kind of behavior at twenty years old.",0,17,10
14174,dhalyfa_INCAS_random,"I havent look at any polls, but I dont think so. 

they'll have a lot of MP, but not a majority. My gut instinct tells me that EM and LR will share the Lion share of MP. If the PS plays its cards rights, i.e. doesnt endorse Macron and have a good platform, they can have 50 MP and be kingmakers. 

FN and FI having more than 15 MP will be a feat. (And a surprise.) If the PS collapse because they all join Macron, then FI can do better than that. ",0,17,10
32308,g1ylkxr_politics_care,Because Liberals are full of hate? And they cannot reason.,0,17,10
44300,ghrk4xk_politics_random,Not surprising considering that everyone and their brother is gonna have losses to write off,0,17,10
3407,dfbombl_INCAS_loyalty,"Why is Russia so popular in France?

I get that Le Pen is popular because of her anti-islamic stance but this overt pro-russian pandering is deeply suspicious.

And then there is the establishment candidate Fillion that is a personal friend of Putin.",1,17,10
45310,gj2qvtc_everyday_loyalty,The whole point of this subreddit is for people to confess things that were wrong or that they’re ashamed of. Don’t be upset when people confess things in the subreddit for confessions.,0,17,10
3619,dfjxt1t_INCAS_random,"It's bad for Macron because Valls represents the current gov and passed pretty impopular laws. So much that Macron has already said that he will not get Valls in his gov, as he doesn't intend to ""recycle the trash from the PS"".",1,17,10
27102,fulbfov_politics_purity,It’s where everyone learns the values of the rat race,0,17,10
3689,dfly6q6_INCAS_care,"So you're saying that in your opinion, Le Pen's friendship with Putin and her obvious ties to Russia (which she's proud of and isn't even attempting to hide) don't prove she's colluding with Russia?",1,17,10
13983,dha4dqw_INCAS_random,"[Macron supports CETA](http://www.lemonde.fr/les-decodeurs/article/2017/02/13/emmanuel-macron-seul-candidat-a-la-presidentielle-ouvertement-favorable-au-ceta_5078997_4355770.html)

My shitty translation

&gt;#The only one who is openly for

&gt;**Emmanuel Macron** (En Marche!), former minister of finance under François Hollande, declared last fall during the Brussels Days event, that the treaty ""*Objectively improves things in our commercial relations with Canada*""

&gt;Despite deeming the questions posed by the Wallonian Parliament ""pertinant"", he believes that the treaty should be exclusively ratified at the European level and not in front of the 27 national parliaments. Notably, he explained ""*Commercial Community policy is the jurisdiction of Europe*""


",0,17,10
27315,fv138ad_politics_random,Oh absolutely not... just making lemonade with this barrel of turds.,0,17,10
3901,dfrih0r_INCAS_random,"&gt;People need history lessons. And geography too.

People need their problems addressed: Le Pen at least *talks* about their problems (same as Trump did in America).",1,17,10
35159,g64cv9x_everyday_authority,The Libyans! Let's see if these bastards can do 90.,0,17,10
13867,dh9zjil_INCAS_random,There was never the probability of a Le Pen victory.,0,17,10
43048,gg41473_politics_authority,Doesn't this allow Trump to invoke his foreign interference executive order?,0,17,10
4678,dg86ink_INCAS_purity,"Despite the trainwreck PR, Fillon's corruption case isn't really that major by any stretch of the imagination. It's more a question of character than anything. ",0,17,10
13580,dh9pme2_INCAS_random,"I actually think that it is in USA where the far-left does not do that. Compared with the oportunism of Melanchon, who refused to back Macron until the end (and its reflected here), the Berniebros were rather reasonable and falled in line (even if it was too late).",0,17,10
32802,g2ma956_everyday_random,"Idk what your financial situation looks like but you can buy really cheap make up from ELF that way you won't risk getting an eye infection or something. Admittedly, I don't wear makeup, but my friend regularly buys their stuff and her make up always looks fantastic",0,17,10
15835,di1odsi_INCAS_random,"Nah thanks. Macron's handshake is more alpha.

Edit: oops I misread and missed the word 'thread' haha",0,17,10
42907,gfxcr8z_everyday_purity,"And what wisdom are you imparting here? The wisdom to... what? Misread a conversation’s context? Show no emotional intelligence?

What life lesson were you trying to impart with your “wisdom?”",0,17,10
4867,dga8wbe_INCAS_proportionality,"Just more censorship by governments by proxy of corporations.

They are trying so hard to spread lies and misinformation and to cover up and delete any sort of public uprising against the status quo. They know if people see the amount of support Le Pen is gaining, they might also vote for her.",0,17,10
42859,gfvbnjm_politics_random,"Texas is now calling on Pennsylvania, Georgia, Michigan, and Wisconsin to overturn the results of the election and appoint Trump-friendly electors instead of those who will follow the results and vote for Biden.

And that's just astonishing. Can you imagine the outrage if California's legislature had, in 2016, requested that four or five states change their votes to Clinton? There would have been *outrage*.",1,17,10
27525,fv8ci3t_politics_random,"sorry too busy working in a hospital during a pandemic.  What are you doing?

&amp;#x200B;

that's right not a damn thing",1,17,10
23250,flqtckj_politics_random,I really wish that company got named. What scumbags--that is totally NOT what the purpose of that meager stimulus is supposed to be.,1,17,10
38217,g9pwqnl_politics_care,trump is saying people making money have no right to want to protect their health.,1,17,10
23204,fln1d17_politics_random," it’s like some people cry when they have to go home from their jobs, then they feel better after masturbating to how much money they made for the CEO or their boss or something like that.",1,17,10
12497,dh954ja_INCAS_random,"  Le Pen was front runner of Front Nationale, the political party founded by her antisemite, neo-Nazi, Holocaust-denying father. Her father has been removed from the party, and his daughter is less extreme, but she's still an isolationist, far-right, anti-immigrant, anti-Europe populist leader. 

After Brexit and Trump, people on the left side of the political spectrum are glad that now both Wilders and Le Pen didn't make it, while those on the right are sad the triumph of populism is stopped.",0,17,10
31389,g0gyakb_everyday_purity,Terrifying foray into the uncanny valley of cartoon aesthetics brought to life.,0,17,10
12377,dh94gig_INCAS_random,"&gt; Let the impeachment process start

R O F L

Macron wins with an overwhelming majority and they just want to project from the US where their daddy couldn't even win the popular vote.",1,17,10
27761,fvm35b0_everyday_random,It really is insane how in 10 years it went from being an ultra luxury product to very affordable for the average person at least here in the US.,0,17,10
34545,g53d65t_politics_authority,"Just hoping Trump will condemn “cuties”, so that the democrats will reflexively defend it to the death.",1,17,10
46036,gjxyzgc_politics_equality,"Humanity is Sociopathic as heck. It’s an astute observation and it will be our undoing, we don’t have much longer.",0,17,10
46060,gjzhxon_everyday_loyalty,Oh my god! Non-scuffing soles! What a bunch of bullshit. I had forgotten about this.,0,17,10
31131,fztbpxm_politics_random,"If Herman Cain going to a trump rally with no mask and then dying from coronavirus a month later isn't enough for you, then that's just a whole new level of stupid that cannot be fixed, and humanity is not ready for.",0,17,10
11857,dh8wua1_INCAS_proportionality,How are you rooting for Macron if you don't vote???,1,17,10
20034,fffv411_politics_random,"I wonder if it will be a slow burn or one quick collapse. Part of me wants the former, but I pray for the latter.",0,17,10
39298,gb6uzhz_politics_random,"I feel like they are gonna call PA tonight, its trending so hard in Biden's favor, like WAY more than he needs, he needs 22 point trend and latest results showed him with a 50 point difference",0,17,10
5411,dghg326_INCAS_proportionality,Melenchon doesnt want to leave the EU? Hes eurosceptic not the same.,0,17,10
1027,dd6qymn_INCAS_loyalty,"Well you can't really say Wilders is anti-liberal. He is pro-West, very very for defending Jews and Israel, pro-free market and his political roots are in the VVD. He is a conservative liberal, but a liberal nonetheless. 

Like most conservatives are actually. Even Burke was a Whig. Conservatism in the West is about conserving the liberal institutions of the West. Being critical of cultural relativism does not make him a fascist.

During the early surge of the National Front in France he even denounced Le Pen and didn't want to be associated with ""rightist fascist groups"" as he said. ",1,17,10
11243,dh7qw3y_INCAS_random,It's almost like Le Pen has borrowed millions from Russian banks.,1,17,10
42650,gfmrwc3_politics_random,Corporate culture is the most alienating thing I've ever had the displeasure of experiencing. The closest thing to conversation is preprogrammed responses.,0,17,10
27881,fvno7ct_everyday_authority,"This is one of those things that's weird to do in the moment, but it must be cool now to be able to browse through all those Happy Meals past.",0,17,10
27929,fvo9hfn_politics_random,"If you believe that trump is a traitor you probably aren’t a gun nut, but a responsible gun owner.  There is a huge difference.

Edit: letter.  Thanks stinky",1,17,10
1003,dd5yxhs_INCAS_proportionality,"[Link to relevant article](http://www.france24.com/en/20170131-france-le-pen-deadline-refuses-repay-300000-eu-parliament-misused-funds-scandal) Towram is right, Le Pen certainly isn't without guilt.
Aside from Fillon and her, I don't know of any other candidates being involved in scandals.",1,17,10
5577,dgjajgy_INCAS_random,True. I fear if we elect Macron we won't see any of the changes we need and the FN will come back even stronger in 5 years. ,0,17,10
46532,gkpga5a_politics_random,"I am so looking forward to several of Sanders' wonderful shaming speeches in the Senate as if he is speaking to a petulant child who wants more allowance to blow on crap. It will definitely be entertaining. All this ""my esteemed colleague ...."" and ""The gentlelady from XX....""

Oh, no. Bernie tells it like it is.",1,17,10
25799,frrpsq8_politics_equality,Once again hypocrisy confirmed. Title should be “Dem strategist assumes black models vote Dem”. How insulting.,1,17,10
33156,g34cqxc_politics_proportionality,Any black person not part of the Democratic vote plantation. The Democrats hate these people.,0,17,10
16781,diddgy0_INCAS_random,Macron will be the new leader of the free world.,1,17,10
42293,gf6y5at_politics_proportionality,"But none of those other subreddits claim to be opposed to any kind of ""censorship"" whatsoever.",0,17,10
6380,dgnep03_INCAS_random,Socialist Party candidate came out to be in support of him. Let's see if Fillon also supported him.,1,17,10
42223,gf3y4rt_everyday_random,"No one is pro abortion. An abortion is a stressful, difficult, invasive procedure that everyone wishes they didn’t have to get. What people are is pro-choice",1,17,10
10460,dh6x1ok_INCAS_proportionality,"There are a lot of parties, including within the US, and outside, who would love to get Macrons emails.  Your belief that Russia is the only party possible of phishing hacking is pure ignorance. ",0,17,10
30779,fzgvumr_everyday_random,"I mean your sister is acting nuts, but there may be another reason your store’s sales has taken a dive in recent months. *gestures broadly*",0,17,10
28544,fw52ryb_politics_purity,Why does government money make you a slave but involuntary servitude doesn't?,0,17,10
34073,g4axqi4_politics_random,"Interrogating a Republican must be the easiest job in the world, literally all you do is name-drop a few different criminal allegations. Whichever accusation they vehemently deny and dismiss as “outrageous” is the exact crime they committed.

Remember, if you ever see a Republican actually speak passionately about something, that’s when you know they’re full of shit.",0,17,10
16899,dif48ph_INCAS_random,"this whole thread is amazing https://twitter.com/taniel/status/871107634237145088

the far left will be absolutely crushed thanks to melenchon, in no small part because the party he created will cannibalize votes from the other party he created

thank god french commies have no understanding of top-2 runoff systems

thank based Macron for leading REM to what will likely be a massive majority
",1,17,10
6992,dgnofgi_INCAS_equality,"These things need to be placed in context, does this issue justify the rest of Le Pen's policies, including a separation from the EU? Additionally, is Le Pen's the only solution? And do her solutions only inflame the many Muslims who are in France Legally? The 5th Republic already leans authoritarian, is aligning themselves with Russia the best thing for democracy in France? How will this affect French Policy in the former french colonies in africa? These are important questions, and making it about the terrorist attacks in a vacuum is not an honest policy discussion.
",1,17,10
21957,fjjp06h_everyday_purity,My urethra is at 4/10 pain scale just reading this.,0,17,10
7229,dgnsyl2_INCAS_random,"Trump was a longshot because he had the fewest, and hardest paths to victory. He had a bunch of states that HAD to swing his way in Florida, Wisconsin, and Pennsylvania that he was behind in. Everything that had to go right for him went right for him on election day, and with razor thin margins. He still lost the popular vote, and there wasn't a single state that was outside of the margin of error for polls. Le Pen would have to actually outperform the polls entirely, not just perform at the strongest margins of them.",0,17,10
16947,dihla2p_INCAS_random,"Positive externality of having Trump on the world stage. Macron has something to fight against and that contrast seems to translate into popularity. (He's also really good at this politics thing, dividing the left and right into marginalization).",1,17,10
9892,dh4xm5v_INCAS_random,"Macron and his wife age delta: 25

Donald J. Trump and Melania age delta: 23

???",0,17,10
17185,dimaq71_INCAS_random,"Macron is so popular that candidates are fighting over who is the most pro-Macron. A candidate from another party [described](https://www.facebook.com/FredericLefebvre.Officiel/posts/10155422218191926) his opponent as
&gt;the candidate from En Marche, who displayed himself with Emmanuel Macron without knowing him thanks to a photomontage

Like ""the candidate from Macron's party is a fake Macron supporter, vote for me instead"".

",0,17,10
17797,diu2eo3_INCAS_random,"I'm pretty sure Macron has never said ""radical centrism"". Everytime a journalist try to corner him to admit he is centrist, Macron answers he is ""both left and right"".",0,17,10
30565,fz23pxb_everyday_random,"Waiting for two hours for someone to come home and then ambushing them is super creepy. 
As is demanding to be put on the phone with someone you don’t know. 

Also, you recorded your conversation with him. 

That all adds up to creep city.",1,17,10
7468,dgo1e2i_INCAS_random,"Even if the political spectrum is relative, Le Pen would hardly be on the reactionary side save for a few stances. ",0,17,10
21794,fj7fvmf_everyday_random,Holy shit!!! I remember this game I used to love it.  This and cartoonetwork.com were my thing before I got a console.,0,17,10
7516,dgo2yye_INCAS_proportionality,"Nah...if anyone will be complaining it will be your side, because they will say the system is rigged against le pen. And you have no clue about french politics if you think that fillon supporters wont go majority macron.",1,17,10
30187,fykombw_everyday_authority,One of them songs is Bill Clinton just saying he didn’t have sexual relations w that woman..,0,17,10
41331,gdmyhmz_politics_purity,"Nothing legally binding about Hippocratic oath. And if an MD has to decide who lives and who dies due to scarcity of resources, well.....",1,17,10
7728,dgoesvn_INCAS_purity,"&gt;Le Pen is basically a communist

See, this is why the whole world thinks you people are stupid as fuck. Cause youre stupid as fuck.",0,17,10
25231,fqc5oxp_everyday_random,Oh man why the hell did they shut that sub down? Sounds hilarious.,0,17,10
9041,dgvci8x_INCAS_loyalty,All the right wing conservative presidential candidates called on their voters to vote for Macron because a centrist politician is preferable to an outright catastrophe.,1,17,10
29176,fwwvzkw_everyday_loyalty,"Yes! I was terrified, like ""I'm never going wherever the hell they were""",0,17,10
40718,gctso9f_everyday_purity,"That’s good and all, but unplanned pregnancies happen. I’m sure her husband’s 17 year old cousin did not intentionally get pregnant. But birth control fails sometimes. A large amount of pregnancies are unplanned and not just those of teenagers.",1,17,10
41190,gdghwnb_everyday_random,"I mean, they also had every opportunity to actually call and get them back after they were found.",0,17,10
8688,dgrwoz1_INCAS_proportionality,"Because not all of those ~70% are going to vote for Macron, some won't vote at all and if not enough people vote she could win.",0,17,10
8151,dgpssj8_INCAS_equality,"He isn't a Communist, MLP isn't National Socialist, and Centrist means nothing. Macron's more of a Social-Liberal",0,17,10
8664,dgrtvyl_INCAS_purity,"ITT Americans defending Le Pen purely because everyone is turning against her horrible person and policies.

Reddit. Reddit never changes.",1,17,10
29340,fx1shb9_politics_authority,Tiktok is literal Chinese Spyware and is being used to subvert our youth.,1,17,10
33556,g3i687g_everyday_loyalty,As if we don’t all know which way you lean and who you discriminate against.,1,17,11
486,dcpn3ja_INCAS_random,I think we don't need to bend over to either Trump or Putin to be able to be critical of certain things that seem to have been a given rule in much of the European elite. Otherwise any change we'd make are poison pills. And that is exactly what people like Le Pen are to me.,1,17,11
33296,g37j09q_everyday_random,Fuck. Ive been in a LTR for years and I don't know if I've ever had this after the honeymoon phase.,0,17,11
34165,g4dfwzy_everyday_random,I absolutely loved mine! Had all my friends sign it at the end of a school year and never washed it. To my knowledge it's still boxed up somewhere.,0,17,11
41259,gdjjtme_everyday_random,Bet she had a chip on her shoulder when it went missing.,0,17,11
837,dd2lh2q_INCAS_authority,"""Courage must know fear and make fear its own! Fear upsets breathing! Conquer fear and your breath will never fail you! Hamon breathing comes from courage! A good human is a brave human! Courage is a marvel of humanity!""

- William A. Zeppeli

I hope Hamon has the courage to try and at least turn this election into Hamon vs. Macron instead of Le Pen vs. Fillon vs. Macron.",0,17,11
29106,fwukj6h_politics_random, Kinda like that one state or city that was mandating face masks unless you're a minority and want to avoid racial profiling,0,17,11
1540,ddmn942_INCAS_equality,"&gt; Hows le pen's policy racist though?

Specifically excluding non-Europeans from dual national status. Simple. 

BUT NOT ALL EUROPEANS ARE WHITE!!!!!111one!!1 

Most of them are.  

Do you have any other questions? 

",1,17,11
24901,fpq04ef_everyday_random,"As a recovering addict, I know what your dealing with. What helped me was my doctor prescribing me suboxone. It really helped me with no relapse. I can say that it’s a wonderful feeling getting control of you life back. You can do this God bless",1,17,11
1471,ddmb7hm_INCAS_random,"I suppose they didn't make the law retroactive so for anyone born before 1977, country B doesn't allow dual nationality. My point is not allowing dual nationality is not something out of the ordinary. 

And personally I believe that what's really shocking about this story is that Le Pen is giving a better deal to Russia than to our own non-european allies.",1,17,11
26105,fs95l39_everyday_proportionality,"I second this; cats' assholes should not be fucked with, ever.  This is non-negotiable.",1,17,11
24666,fp7akrp_everyday_loyalty,"his pride is hurt for basically being called stupid 

leave him alone

if he breaks up, nothing you can do

no one wants to be seen as dumb in their SO's eyes",1,17,11
2149,ddzxtkr_INCAS_random,"A little disclaimer. French people have been present to vote at the presidential elections until now. Beside April 2002 when the absention was 28% (which helped J.M. Le Pen (the father) to reach the second round) at the first round, the absention rate has mainly been below 20%.

But this year, the polls seem to show that the interrogated French voters  are quite lost: [46℅](https://www.google.fr/amp/s/www.rtl.fr/actu/politique/presidentielle-2017-plus-d-un-francais-sur-deux-ne-sait-pas-pour-qui-voter-7787332066/amp?client=ms-android-archos) arn't sure whom to vote for and a sizable share don't know if they would vote. So, I woud take the polls with a wheelbarrow of salt.        ",0,17,11
45238,gj0zm9b_everyday_equality,"Wow, I never experienced this one! Though it makes sense if you basically got a blank frame. However, if it's a shot that is the only shot of something (i.e. Bigfoot), I want it no matter how blurry it is. Putting a sticker on the negative seems overkill.",0,17,11
26412,fsr0tqk_politics_loyalty,"The MSM loved the COVID bodycount, but they are completely uninterested in murders committed by rioters",1,17,11
40032,gbzy4ts_politics_random,Im kinda loving Cruz.  He doesn't hold a grudge.  Never thought he'd get on the Trump train with gusto.  2024 my man.,1,17,11
26959,ftlfvxp_politics_care,Some of us didn't even get freedom or happiness as children.,1,17,11
28658,fwfbrmo_politics_equality,"Oh so we are moving from police brutality to supposed election rigging? ""We are protesting every injustice that has ever occurred!"" Talk about a moving goal post.

Hint that's bullshit. Purging of voter rolls is a routine and required metric to ensure election integrity and happens in most states that are attempting to encourage voter fraud.",1,17,11
36454,g7n08t2_politics_random,"And Hillary just happened to get ill. Still they hammered her into pulp for her 'weakness'. 

There is a difference. Trump has tested alternative negative for a hoax. He is not sick but experiencing alternative health. And given that virtually nobody gets this flu; Trump is now virtually nobody. 

We need to rub this in. GOP has gotten away with their word games for decades now without consequences. 

Now there are consequences..",1,17,11
20570,fgpyl5i_everyday_random,Never realized this but I think pizza fridays benefitted the cafeteria workers as much as us kids. Think how much easier their fridays were because they only had to make pizza. Win/win for everyone.,1,17,11
10366,dh6r26y_INCAS_random,"It will influence the campaign and this way Macron won't be able to react.   
You aren't allowed to campaign a day before the election: and that's today in France.",0,17,11
39891,gbwtxhr_everyday_random,"Think about it this way, Whose future is more important? Your mom's or your brother's? Please also your consider your future as well as that is also very important too!",0,17,11
13891,dh9zs55_INCAS_random,"I love T_D and I have to say, I wanted Macron to win

This is now officially the beginning of the end for EU, Macron makes it a guaranteed outcome now that the ""populism"" has been ""put down"" (it hasn't really but thats what this election tells the establishment) :D

gonna be some really fun years ahead for europeans!",1,17,11
10602,dh77jfq_INCAS_random,"&gt;Ben Nimmo, a UK-based security researcher with the Digital Forensic Research Lab of the Atlantic Council think tank, said initial analysis indicated that a group of U.S. far-right online activists were behind early efforts to spread the documents via social media. They were later picked up and promoted by core social media supporters of Le Pen in France, Nimmo said.",0,17,11
6308,dgndedq_INCAS_random,**༼ つ ◕_◕ ༽つ MACRON PREND MON ÉNERGIE ༼ つ ◕_◕ ༽つ**,0,17,11
31508,g0t0mc3_everyday_loyalty,"So just to clear, ""today's standards of holding him accountable"" MUST include HR and cannot be two friends confronting him calmly and expecting him to learn from his behavior?

I am fairly convinced you didn't read all of what I wrote, because you certainly read a lot that I didn't write.",0,17,11
27548,fv9a1qd_everyday_random,I love this phone.  I had the Garfield phone.  The Garfield phone “handpiece” was comfortable to sandwich between your cheek and pillow while lying in bed and talking on the phone.,0,17,11
12802,dh972rc_INCAS_random,"Either way, the EU will crumble, if not by their own accord had Le Pen won but as an inevitability of reality. ",0,17,11
22848,fl45pmh_everyday_random,I remember those ads he always came off as manic or adhd. Very wound up.,0,17,11
42506,gfdvxjz_everyday_random,"NTA

also the parents are worried about their image. 

Time to make sure everyone, neighbors, church, social media, know what is going on. if everyone only hears one version of a story, that is all they will know and believe. 

He may feel isolated because he thinks he is alone.",1,17,11
22802,fl2gw3p_politics_random,"Meanwhile 23,000 people have died from the flu this year",0,17,11
11338,dh7wvk5_INCAS_random,"&gt; the savior of Europe and real french Macron.

How embarrassing.",1,17,11
5553,dgja73j_INCAS_proportionality,"I give no fuck about the free school / healthcare in a country i'm not, even if it's mine. Regardless it's stupid, what the fuck are they going to do if peopley abroad aren't paying? Come and get them? That's just some bullshit move that will never be done, like the 75% tax of Hollande.",1,17,11
25373,fqlcifr_everyday_random,How am i a snowflake for being affected by an anti-Semitic encounter? Please explain that logic,1,17,11
29387,fx5qxji_politics_loyalty,What's crazy is that some cities refused to ask people if they were protesting when contract tracers spoke with people.  Willful ignorance.,1,17,11
33627,g3nnjrd_politics_random,And this already shitty deal assumes you even live past 64 and are healthy lol. Also your physical prime is 15-30 meaning you won’t even be near your best when you’re free. You could easily die at 45-65 and never be free or be over 65 and have tons of health problems. Playing the 9-5 scam is no different from betting at a casino . People pretend it’s so safe but it’s risking your youth to bet on a little freedom in old ancient age.,1,17,11
46602,gkqu632_politics_random,So how will the verdict be qualified if it's not the chief justice?,0,17,12
11172,dh7phu3_INCAS_proportionality,"&gt; Obama endorses Macron, telling france to vote for him.
&gt; NOT considered interfering with a foreign election.

What a stupid false equivalence ",1,17,12
39511,gbc0z1h_politics_random,"Oh, I guess I missed it: a few hours ago, Trumpty had a little Twitter tantrum.

Looks like it had something to do with the eight tweets full of misinformation from yesterday that got flagged by twitter; the guy really doesn’t like to be called out on his lies.",1,17,12
42554,gfi2th1_everyday_random,"What stands out to me here is that there's proper verb conjugations and proper idiomatic phrase usage. 

OP uses phrases such as ""cut me some slack,"" ""talking about, "" and ""blew a fuse"" perfectly, but confuses too/to and then/than? Bullshit.",0,17,12
20128,ffnq18x_politics_authority,doesnt matter what he does anymore if no one is there to prosecute him.  He literally could murder someone on fifth ave.,1,17,12
20267,fg2k5pl_politics_random,"Yh I only work part time and I get comments from relatives such as ""don't you have work"" or ""when are you going to get a full time job so you can get married."" It's like they want you to not be free with your time to do whatever you want. Crazy world.",1,17,12
39535,gbdsi2b_politics_proportionality,"Depending on some factors, this may be wage theft. It is definitely illegal, and lots of government agencies would definitely be interested in hearing about it.

Do some internet querying to find out more information about the particulars for your state. 

Caution - if you pursue it legally at all, the company will not pay you your outstanding dollars until any legal proceedings are resolved, so tread lightly, but competently.",0,17,12
11410,dh89rnv_INCAS_proportionality,"Even if Macron wins, the opposition with the help of Russian bots can spread misinformation based on the leaks to delegitimize him, create distrust and create an political environment where there's so much infighting that little can be accomplished with the prospect of an autocrat sympathetic to Russian interests (dismantling of NATO and the EU, isolationist, anti-democratic policies) looming just around the corner.  The goal of the leaks is not just to get more sympathetic candidate elected, it's to neuter and delegitimize the candidate who's seen as a obstacle to Russian interests.",1,17,12
22896,fl6hwp8_everyday_random,Leave her. Your relationship will be filled with drama and games. Thats toxic.,0,17,12
11574,dh8n5ic_INCAS_authority,"&gt; Yeah, vote the person which a foreign government wants to see in government.

I dare you find literally any candidate on literally any country which no other country would have an interest in. You think Germany doesn't want to see Macron? What about Obama actively campaigning for Macron? There you go, foreign interest.

&gt; Vote the person who's sabotaging their oponents with the help of a foreign government but claims to act in the interest of your own nation.

Proof? If you're making an accusation as serious as that, I expect there to be some proof.",1,17,12
5318,dgghju0_INCAS_random,"I'm a student in France. We were talking about salary levels after getting our diploma, people were nitpicking about whether 37k or 40k was achievable. Then the professor kindly reminded them that if Melenchon wins, every euro they earn above 30k will be taxed at 90% so there's no point in debating it. I think reality hit a few of them a little hard that day.",1,17,12
11881,dh8x5eh_INCAS_random,"Oh, I see. Still don't see how you can root for Macron if you didn't vote for Macron. There is only one way to support a candidate: to put their name in the ballot box.",1,17,12
5080,dgdjgr4_INCAS_purity,"THIS IS FUCKING AMAZING!!! I might just defect to France, shame Poutou isn't leading. ",1,17,12
27594,fv9ofzb_politics_equality,I would argue that the majority of people living in capitalist societies think this way.,0,17,12
38642,gaapjcw_politics_care,People have the freedom to do what they want to.,1,17,12
31343,g0bxyf6_politics_purity,"If you frame the question as a struggle between two tribes it will make sense. The “Red” tribe sees the “Blue” tribe as their mortal enemy, evil, depraved, undeserving, maybe even less-than-human. Therefore Reds actively desire the Blues to lose, and even die.",0,17,12
12850,dh980lt_INCAS_authority,Le pens pledge to ban gay marriage is a sharia law,1,17,12
22546,fkma30w_everyday_purity,"Bullshit, I read the fuck outta that stinky cheeseman book!",0,17,12
6167,dgmxzb1_INCAS_random,"I'm really scratching my head on Macron, i've been listening to him both debates and tried to read about him. I couldn't understand anything clear.

Everything about him seems empty, the guy just seems to have a face that makes people happy and hollow words with a pretty wrapping paper. 

 Can i ask what makes you believe in him?",1,17,12
6191,dgn1x9y_INCAS_equality,Melenchon absolutely is a socialist. Not that there is anything wrong with that.,1,17,12
23272,flt7o9f_everyday_care,"Good heart you have,  makes me feel pretty wicked, haha",1,17,12
27502,fv8bbus_politics_loyalty,"Its absolutely nonsensical that Trumplethinskin can be deemed legally unfit to run a *charity* yet that doesnt disqualify him from office, or even warrant impeachment proceedings!",1,17,12
39679,gbj9vy8_politics_random,"As a expat Brit, I was moved: What a brilliant unifying speech. Here's fingers crossed for you USA.",1,17,12
13201,dh9exqs_INCAS_random,"Who is the first leader Macron has talked to?

Of course it was him

https://twitter.com/MacronInEnglish/status/861346732629688320",1,17,12
13177,dh9ds5r_INCAS_random,"Well, im not certain what france is getting in macron, but im pretty sure what they would've got with le pen. Hopefully this stems the tide of far right figures coming to power. Kudos to the french people for not biting on the ""hacked emails"" manufactroversie. Yeah, im american. *kinda jealous right now too*",1,17,12
13249,dh9ftko_INCAS_care,LOL w/e dude. go live out your sad life and self pity. no one wants to hear it. you sound like a Le Pen sympathizer anyway,1,17,12
6356,dgnejg0_INCAS_random,"They did run a candidate earlier, but they dropped out and supported Hamon instead.",0,17,12
31651,g12ggjj_everyday_purity,"The active ingredient in Clinical Strength Head &amp; Shoulders is selenium sulfide 1%

Good against dandruff, unstoppable against nitrogen based alien life forms.",1,17,12
4135,dfwbfw1_INCAS_random,He was right wing and lead the party before Le Pen kicked him out. The party was like the NPD before and now is like the AfD,0,17,12
43403,ggp1dgh_politics_random,"Join a commune, become part of an egalitarian community, still be forced to pay taxes and medical insurance, then realize later it's not specifically our society you despise but people in general because one necessarily follows the other  


Then migrate to Mars, start over to do it all the right way, only to find that it's the same shit on a different planet",0,17,12
6428,dgnfnpl_INCAS_random,"And much like in the above, it's gonna take a few weeks for Macron to use it to crush the filthy fascists.",1,17,12
27174,fuqh9xa_everyday_random,"Exactly!! This is the best mindset. I mean I know there’s definitely bits that might not have a use in this day and age, but to just throw away good leather?? Why?? Even the bones! Sell those! There’s creeps like me who would gladly use them as decor!",1,17,12
19324,fdrjbkc_everyday_random,"So a normal man, capable of being with women his own age, would rather pine and get an underage child instead?",1,17,12
4111,dfw22n5_INCAS_random,"These shifts are all within the margin of error. You're essentially interpreting sampling noise.

In all, the race has been steady for the past few weeks, aside from Hamon falling behind Mélenchon. There's no indication at this rate that Macron and Le Pen won't face off in the 2nd round, and Macron winning at that point.",0,17,12
43709,gh4j124_everyday_random,"YTA she’s had one of those cats longer than you’ve been in the picture sweetheart. Pull your head in, you’re acting like the typical step-monster.",0,17,12
28331,fvzhox1_everyday_care,"I couldn't have said it any better myself.

Anyone who's tried to play one knows how true it is.",1,17,12
3713,dfm2r7f_INCAS_proportionality,"Exactly.

It's not about being ashamed of wanting to vote for Le Pen, it's about not wanting to deal with the negative repercussions of making your support for her known.   ",0,17,12
42175,gf2wuyl_politics_purity,See that’s the thing you can give all the hormones you want you can pretend all you want but you will always be the gender you were born as.,1,17,12
14054,dha8awi_INCAS_random,The American conservatives are all surely just closet communists that fantasise about state intervention in private enterprise. Or maybe they wanted to support Le Pen in order to avoid disenfranchisement of women in politics after the loss of Hillary. ,1,17,12
6779,dgnkjns_INCAS_random,"&gt;all of a sudden she is up in votes by a couple of points.

She's have to overcome nearly **thirty points** of Macron's lead.  No amount of election day shenanigans would undo that.",0,17,12
27030,ftpyxvq_politics_purity,This is like the modern age Spanish Inquisition. If you do not believe in our beliefs you are literally a heretic and must be punished.,0,17,12
19135,fdfjk45_politics_random,"Simply and easily provably not true, before the industrial revolution most people worked in or near their own home.",0,17,12
2909,dekwls2_INCAS_purity,"&gt; La Pen stands for something other than personal gain unlike Hollande.

Yeah, that's why there are corruption scandals about her. /s",0,17,12
36265,g7i5fdr_everyday_purity,Holy shit I think I have that. All of that sounds so familiar that it's scary and relieving to know I'm not stupid. Except I do understand that 3x0=0. It's just I suck when it comes to more complicated theories.,0,17,12
10319,dh6nmry_INCAS_random,"&gt; Obama takes ads for Macron so don't pretend any of you care about foreign interference

As it's been said and repeated, the problem is not a foreign leader endorsing a candidate or a policy, that's always been done.

The problem is a foreign leader covertly helping, often through legally dubious ways, a candidate.
",1,17,12
14437,dhbt72g_INCAS_random,What do I love about Europe? Culture and history the most. But I love it to the extent I felt really proud and happy watching Macron marching while Ode To Joy was playing and I'm not French.,1,17,12
2646,deff1rp_INCAS_loyalty,A law passed by a liberal democracy that le pen agrees to abide by or suffer the lawful consequences.,0,17,12
44699,gidprl5_politics_loyalty,"Step 1) Expel them from Congress.  
Step 2) Arrest them.  
Step 3) Put them on trial for sedition.  
Step 4) Find them guilty and put them in prison for 20 years.",1,17,12
7110,dgnqsr4_INCAS_random,I thought it was Fillon who gave a position to a relative?,0,17,12
14485,dhbykof_INCAS_random,"&gt; He's a traitor to his party

Exactly what Macron needs, a non-partisan guy. ",0,17,12
14860,dheu3ja_INCAS_purity,"But Macron didn't, by any stretch of the imagination, do something wrong.",1,17,12
41474,gdxqwgf_everyday_purity,"Damn, that girl was rude af. Her bf looked so embarrassed haha.",0,17,12
44818,gigduth_politics_random,Because no shit its meant to be an ironic comment lol,0,17,12
10201,dh61gb7_INCAS_equality,"They want Le Pen because she is divisive towards immigrants and Muslims.  If they're faced with discrimination and stigmatized by the same society they're supposed to be joining, they're easier to recruit.",0,17,12
2479,decvprw_INCAS_equality,"People aren't accusing Le Pen of facism because she ""acknowledges terrorism""",0,17,12
35723,g725uo4_everyday_equality,"Man, I can't believe GTA 3 is nostalgia material now. God, where is my life going?",0,17,12
26602,fswvv9e_everyday_equality,The fact that he would simply talk unscripted to a guest must have confounded most in the business yet to the audience it was clearly the most authentic and honest approach. Plus he is humble and hilarious. As an alcoholic he is an inspiration.,1,17,12
26578,fswkyvb_everyday_random,"God I miss this show.  The banter between him and Geoffrey Peterson was pure gold.

Plus the Twitter/email jingles were spot on. I still remember them.",0,17,12
24499,fousxcg_everyday_random,"While I cant say I can relate to your situation fully, I suggest you look at the ""5 love languages"" (and make your bf do the same)

If you dont know about that, its this concept that people show (and want to receive) love in different ways. Sounds like you prefer to receive gifts and physical touch, he might not be fully aware of this. And you showering him in gifts might not even be what he really wants...

Just try to have a clear, positive, constructive, non-emotional discussion about this!",1,17,12
40056,gc08jau_politics_random,"My brain just did this series of leaps, from ""Doctor First Lady"" to ""Dr. Mrs. The Monarch"" and now I'm kinda picturing Jill Biden in that get-up.  (I should clarify that Dr. Mrs. The Monarch may be my favorite character on Venture Bros. So it's meant as a compliment.)",1,17,12
20760,fhaabns_politics_random,"The DNC is so fucking stupid if they somehow give the nomination to Bloomberg. You need young people to vote to get the turnout needed to beat Trumpf, but young people will tune the hell out if he's the nominee. Might as well run Hillary again if this is the plan. This convention could be 1968 all over again.",1,17,12
40174,gc78gz5_politics_random,"**Jerkmate!** It's as fun, entertaining and as addictive as TikTok!

It's also fun, exciting, totally confidential and always free to join!",0,17,12
45262,gj1p16t_politics_random,The dems didn't even do it. Amazon is the sole reason it was removed.,0,17,12
30400,fyv5h3c_everyday_random,Nta. People really don't understand how difficult and expensive sewing is until they try lol.,0,17,12
40221,gc875io_everyday_random,"The strongbad email about techno music was the tits. That shit still plays in my head every time my processing system at work fails. “The system is down, the system is down”",0,17,12
15526,dhsf8wh_INCAS_random,"Anyone check out the new Macron documentary on Netflix? I'm watching it now.

[Sounds promising already.](http://imgur.com/RQ9wxXb.png)",1,17,12
45428,gj5me01_politics_random,"&gt;your job is to protect and defend the constitution

In this case his job wasn't even his job. Wolf's been serving illegally for quite some time now.",0,17,12
21722,fixh7hj_politics_random,"Anyone else remember working in the 90's? There was just this....respect that came with being an employee. That shit disappeared somewhere in the early 2000's and became, ""You should feel lucky we are allowing you to even work here!"" It has never gone back.",0,17,12
7564,dgo5z2a_INCAS_care,"More like ""people who don't succumb to illogical fear mongering"" vs Le Pen.

Le Pen is so far right, it's obvious everyone would back Macron. That's her fault.",1,17,12
45943,gjumstv_politics_proportionality,"There's actual research that indicates they're effective in treating psychological trauma in ways that most conventional treatments actually aren't.

Capitalism, naturally, sees no need to legalize them just because of that, or anything, because trauma is just one more axis of control over the population, at least in a ""who cares about widespread trauma among the workers?"" sense if not a ""we want to perpetuate this actively"" sense.",1,17,12
30235,fylo5tu_everyday_random,"Agreed ^  

OP if arsenal beat villa y t a lol",0,17,12
35205,g66m8ku_everyday_random,"If anyone is wondering, you can grab this game on steam and it runs on modern computers without any issue. It is still just as fun to play today as it was back then. I play it every now and then.",0,17,12
15668,dhvd9p0_INCAS_random,"&gt;but then who's not into Macron?

The racist 1/3rd of France",1,17,12
16191,di7g1jd_INCAS_random,"As far as I'm concerned, Macron and Merkel *are* the leaders of the free world, for as long as America is being vassalized by a Kremlin puppet. Vive La France.",1,17,12
18335,dj6w2wi_INCAS_random,"Dude I'm french, Macron won. The Donald support of Le Pen was a cringefest. My job is done. 

2018 is going to be horrible for GOP if every +18 district is in play. If you can't see that, look at 538.",1,17,12
16429,dibjcbj_INCAS_care,"Victim shaming is cool, right guys?

Like if you really believe your story (you don't), why would it reflect poorly on Macron? He'd be the victim ",0,17,12
1098,dda9ktn_INCAS_authority,"President Francois Hollande said the situation was under control but the ""threat of terrorism is here to stay"".  

  well yea if you invite them...",1,17,12
25941,frzefg7_everyday_purity,"Unfortunately they do: It's just crap like ""REDEEM THIS CODE ONLINE TO GET A CUSTOM SKIN FOR YOUR WEAPON!""",0,17,12
16570,diccs69_INCAS_random,Have you really gotten this far without seeing multiple users with Hillary Clinton flair?  It's probably the most popular one here (up there with Macron),0,17,12
34473,g4vok73_everyday_random,"You can actually use an expired epipen! It will just not work for as long.

I was stuck in a remote area waiting for a helicopter with a guy that had anaphylaxis and the emergency medic used 8 epipens over 2 hours, 4 of which were expired. For sure not as good as the in date ones but gave the guy an extra 10 minutes in the end the helicopter was able to get him out and get him to hospital!",1,17,12
33038,g2vnlrn_politics_care,And I think a lot of younger folks like myself are running out of fucks to give.  They've been goading on an insurmountable collapse since the eighties and no amount of common sense or begging them to stop seems to override their desire to ensure future generations are worse off.... They never imagined it would be them that got impacted,0,17,12
29951,fyaaiuj_politics_authority,"Most slaves don't want to admit they're slaves. They'll die defending their ""jobs"" because to do otherwise would mean admitting they are not free, and have never been free.",0,17,12
16709,dicx5b8_INCAS_loyalty,"Strong leader also need strong people underneath to support him in his decisions and politics. I think both should be credited. Bayrou for creating it, Macron for supporting it.",1,17,12
8993,dgv2ls1_INCAS_loyalty,"What's your point? Most Jews obvious disagree with you, so your personal opinion is pretty irrelevant. It's like saying ""I am a Le Pen supporter and don't care if more Muslims come to France"", certainly that doesn't not represent the average Le Pen supporters. Also this is the internet so any ""I am ..."" claim has zero credibility anyway. 

lol, and you are /r/the_donald trash, why am I not surprised...",0,17,12
7751,dgoewbp_INCAS_random," &gt; Melenchon wanted to raise taxes on anyone earning more than 4k/month to such levels that those people barely take home anything more than someone working for minimum wage,

You need to look up how tax thresholds work. ",0,17,12
29528,fxfidgd_everyday_random,"Why you give the bj? Not saying to use it as petty punishment, but I can't imagine myself going down after being called yucky tbh...",1,17,12
17305,dinsoda_INCAS_random,"It's fine for the Bernie crowd to jump down people's throats over these British elections...but when Macron's party dominates the upcoming French elections, do we get to beat our chests and get in people's faces?",1,17,12
440,dcn9q3u_INCAS_equality,"So um, would a rightist candidate like Fillon *not* push liberal capitalism or neo-liberalism?",0,17,12
21350,fik33kl_politics_proportionality,They wouldn't be wage slaves if they could independently live without a wage.,0,17,12
46953,gl9mrh0_politics_care,Exactly. Can't understand why the people are choosing to align with someone insane.,1,17,12
47024,glbfbld_politics_equality,"""That which is asserted without evidence can be dismissed without evidence.""",0,17,13
25539,fqyjdzk_everyday_random,When I was a kid I went to a private school and one off the other kids in my class dad owned all of the local McDonald’s in town. When they got rid of these he donated them to the school so we had some on our playground for a bit.,0,17,13
10342,dh6owfy_INCAS_random,Macron just confirmed they were subject to large scale hacking attempts. Wikileaks picked it up and they are trying to verify if they are real. They agree it's not gonna do shit though at this point,0,17,13
34402,g4uctp0_politics_random,I’m demoralized too but I’ll walk across miles of broken glass to vote. Please do the same.,1,17,13
11005,dh7hpk5_INCAS_random,"as seen in social media, abstentionists and anti-FN are even more eager to vote against Le Pen after this leak.

People are used to FN shenanigans and have seen this shit coming for months. 

Then again, my TL is not representative of French voters but Macron will win by a landslide. 70/30% minimum.

Not that people support Macron but the FN just screams of incompetence and bullshit. Their campaign, especially the last week was a trainwreck.
",0,17,13
40197,gc7b2kg_politics_authority,Never liked twitter. Too much censorship like an authoritarian state.,0,17,13
368,dclkm6c_INCAS_equality,"You can be ethnically Russian and still identify Ukraine as your motherland. Only the principle of self-determination is important in the eyes of international laws. Ethnicity and language are irrelevant.

Of course there was a referendum, but not a fair one. Le Pen would certainly claim it was.

That said, I have no idea what the Crimean themselves are actually thinking about all that.",1,17,13
38829,gam6os0_everyday_care,Mildly dickish behaviour but it sounds like no harm was done,0,17,13
29480,fxdicfa_everyday_random,"LOL, I have fine hair, if I skip a day, it looks gross. And no, I cannot “train” it otherwise. I am quite sure this works for you, but depends a lot on hair type.",0,17,13
41002,gd8etqp_politics_random,Latinos in Texas are the ones trying to avoid the latinos in california,0,17,13
6944,dgnmrne_INCAS_random,"&gt;When Le Pen reached out to Ukip that year, the party commented that it would not associate with the party because of “prejudice and anti-Semitism” in the Front National and refused to be perceived as its British equivalent.

Is hanging around neonazis proof enough?

http://img.agoravox.fr/local/cache-vignettes/L461xH297/lepen_marine_lyon-63bd2.jpg

http://www.lessentiel.lu/dyim/38e477/B.M600,1000/images/content/2/7/3/27383622/4/topelement.jpg
http://preprod-img.planet.fr/files/styles/article_wide_940x400px/public/images/article/3/9/5/877593/2078526-focus-wide.jpg?itok=3AF7RHuU
http://pbs.twimg.com/media/BjFQr7dCQAEMCx3.jpg
http://www.politproductions.com/sites/default/files/img-la_proximite_du_fn_et_du_nazisme-marion_marechal_le_proche_des_neo_nazis.jpg
http://media.paperblog.fr/i/617/6178783/marion-pen-raffole-jeunesses-hitleriennes-L-ylX94K.jpeg
http://dbm31.agence-presse.net/files/2015/05/nazis_budapestfn.jpg
http://preprod-img.planet.fr/files/styles/article_wide_940x400px/public/images/article/3/9/5/877593/2078526-focus-wide.jpg?itok=3AF7RHuU",1,17,13
38169,g9mohyc_politics_authority,"Aren't all of the polling sites on public property? Doesnt the city or state own these places? And isnt the only organization that can enforce security on them city or state entities? I would have thought only police could do this, no?",1,17,13
15502,dhrh6j0_INCAS_random,"Exactly, IIRC the poll numbers  increased significantly in Macron's favour in the last week as a result of the debate performance and failed email leak attempt, the final results were completely in line with the last poll predictions. ",0,17,13
32143,g1pzl10_politics_random,"This is the Office Space scene. 


“What if we’re still here in 30 years?!” 

“It would be nice to have that kind of job security.”

Sure, but so would pursuing the things that make life worth living whatever that may be to you. There are countries that shut down for weeks to give everyone a reprieve from the chase. People working the same jobs we do that couldn’t imagine not having two months off every year. These “radical” ideas are within our reach but won’t be supported for fear of a 7th mansion staying on the market another week.",1,17,13
32049,g1gan61_everyday_random,"Fight? Fight. Kitchen? Kitchen. 

So full of great quotable lines.",0,17,13
4772,dg9637v_INCAS_random,"Ideally Hamon would win, but since that won't happen I'm kindof hoping for a Mélenchon win, even if I only half-agree with him. Macron's recent comments about encryption have thoroughly put me off...",1,17,13
4513,dg2zm6n_INCAS_authority,"But that's like saying that it wasn't Germany who committed the Holocaust, but the Nazi state. Reality is that millions of French people accepted and tacitly supported the Vichy regime, and Le Pen's comments here are just an attempt to shift responsibility.",1,17,13
37015,g8cddh0_everyday_random,"Seriously, this guy is not, I repeat, NOT NORMAL.  A nice little conversation will not go well.  

OP, I hope you have a lock on your bedroom door...I can imagine him creeping in late at night to stare at you while you sleep.  \*shudder\*",1,17,13
22825,fl3pszt_everyday_proportionality,"Sad you don’t like your mil very much, and using her code is not so neat either. 

Bragging about your own behavior is questionable 

Signed a MIL",0,17,13
36852,g82oc3x_everyday_random,"Maannnn..... I will die on this God Damn hill with you!

Old school (in this context, to me, 94 - 98) Little C's bread sticks &amp; cheesey bread sticks are the platonic ideal.",0,17,13
33816,g40lnmo_everyday_purity,"Holy shit, yes! These were the only things that made my 9 y/o unartistic ass' projects look a lil' aesthetic",0,17,13
36639,g7x78va_politics_proportionality,"Ooooh, you got me on a typo, I guess I might as well pack my bags. /s.

Some cultures embrace corruption more, and *Somalis* do. 

https://en.wikipedia.org/wiki/Corruption_in_Somalia#:~:text=Corruption%20in%20Somalia%20pertains%20to%20purported%20levels%20of,dispensations%20and%20structural%20changes%20in%20government%20affecting%20transparency.

&gt;Somalia ranks among the world’s most corrupt countries. Insecurity is also a major issue; the ongoing instability greatly restricts business. Corrupt government officials tolerate illegal activities in return for bribes

https://www.ganintegrity.com/portal/country-profiles/somalia/

So take your kneejerk virtue signalling and fuck off outta here.",0,17,13
44065,ghgipdp_everyday_authority,"And mine is that it's mildly inappropriate to compare millennia old tenets of our faith to home decor, but I'm not American so I might have different priorities.",1,17,13
3288,df392j4_INCAS_random,"On very, very specific and very minor issues she's left of Macron... 

Any Leftist who votes for Le Pen has forgotten all of our ideological past vs hers. Front National was founded by a literal Nazi collaborator. ",1,17,13
35699,g71zhwk_politics_authority,"The left hides way too much with the gun control agenda.

Does anyone actually believe that gun control will get guns off the streets and away from the criminals?

There's a reason they call pistols ""concealed weapons"". They are **concealed**. To truly enforce gun control, they would be forced to violate another Bill of Rights amendment, illegal search. Metal detectors and random searches will be needed to enforce. You know there is no way that the left would allow that.

I'm not NRA, but their slogan, ""If guns are outlawed then only outlaws will have guns"" is true.",1,17,13
45167,gj01opb_everyday_loyalty,"Honestly, I would feel seriously uncomfortable if I knew my partner was frequently checking my location.",0,17,13
1635,ddpz2e2_INCAS_care,"&gt;“Once more she’s throwing oil on the fire,” Socialist candidate Benoit Hamon said in a statement Monday. “Once more she’s creating disorder, she’s encouraging violence with her hate speech.”

Poor Hamon, he just doesn't get it.  Far from being offended, I'm sure most ordinary people would applaud language like that against violent rioters.",1,17,13
21674,fix1pbs_politics_care,"Everyone start their jobs because they need money, the only rich people I know that work are narcissistic pricks that like to feel superior, ""hey I love this I don't need this I do what I want and am not fired, look!"" Am not even joking.",0,17,14
6850,dgnm7pw_INCAS_random,"the ""predictions"" weren't close but the polls were pretty close. le pen and macron is much different. look back at what happened when daddy le pen got to a runoff. ",0,17,14
31931,g1djjjl_everyday_random,"NTA

She is not meant to be with you.

This is your passion man. You cannot have a partner that says “Your passion annoys me. You have half an hour a day.”

End it before she ends your spirit.",1,17,14
46296,gk6y5wh_politics_purity,"It's just a continuation of the NAMBLA type bullshit that's been going on for several decades; pedophiles trying their hardest to piggyback on the civil rights movement. 

Y'know, it's not degeneracy, it's not even a mental illness, it's a *sexual orientation*, you bigot! /s",1,17,14
34142,g4cgz18_politics_authority,"*""How do they continue to support him? They must be stupid.""*

No, not really.  They just love the fascism, everything else is just noise.",0,17,14
41990,geqt6k6_politics_equality,"Same. Willingness to associate oneself with this delusion is proof of a deficiency in character. If someone runs as a Republican, I can hereafter assume they either support this farce or condone it.",1,17,14
41593,ge3rjh2_everyday_purity,I wasn’t allowed to use these because they made the tub greasy lol!,1,17,14
41236,gdhclsb_politics_care,Exactly. It's sad when civilizations much less advanced than our own did such simple human experiences better.,0,17,14
38384,ga20lsa_everyday_random,"Dude, you are 31. You have plenty of time to heal, reset and start over. 

Might seem like the end of the world now, but it isnt and at least this happened while you are 31 and much later in life, when it would make starting a family much more difficult. 

It's going to suck for a while,  but you can get through it.",1,17,14
41664,ge94gry_politics_proportionality,The corrupt judges? Most of them are Bush and Trump appointees. Just because they aren't willing to get on their knees for Trump doesn't mean they're corrupt.,1,17,14
41641,ge72qe4_everyday_random,My dad had a microfiche in his office for airplane manuals! It was my favourite thing to play with.,0,17,14
29292,fwypooz_politics_proportionality,Feminism means if you enjoy being a housewife you should do it!,1,17,14
43001,gg18r6g_politics_random,"&gt;""The deep state, which now includes dozens of Trump-appointed conservatives, stole this election from Trump!"" 

Considering all the praying that was done, it seems god is part of the deep state.",1,17,14
1145,ddb5ljp_INCAS_random,"Guess who`s back, back again, - on the rise, Marie Le Pen.",0,17,14
43072,gg4yd48_everyday_random,Only I was reading this while having lunch it’s enough Reddit and food for today,0,17,14
4843,dg9t0nt_INCAS_random,"""But but Hillary""

Let me turn it around than, why are you suddenly so defensive on Le Pen, when you were more than happy to prosecute Clinton? Especially when the former has far more evidence.

I don't think we're the hypocrites here.",1,17,14
32167,g1qhxjx_politics_authority,"Remember slavery bro? Or feudalism? It’s been “fuck you, got mine” since the beginning of what we call “western civilization.”",1,17,14
24760,fpg4cws_everyday_random,"Hey I'm really proud of you and where you are mentally. I'm more than proud actually, I'm inspired. thanks for sharing.",1,17,14
43119,gg8l9wo_politics_authority,"The entire concept of Originalism is so absolutely idiotic it's insane. 

""Let's ignore 200 years of the law changing, and case law/history.""",1,17,14
37299,g8l9889_everyday_random,"It is arguably weird, but not necessarily the same as if they were related biologically. In the end, nobody will really be harmed by their relationship so I don’t think it’s up to us to say whether they are right or wrong.",1,17,14
21910,fjbjfqg_politics_random,"It’s such a toxic mind set as well. “It’s not what you know it’s who you know” just encourages people to invest in relationships with people they otherwise wouldn’t bother with and not because you are genuinely interested in becoming their friend but because you want to get your foot in the door. 

Such a healthy dynamic. Who needs real friends anyway? /s",0,17,14
37531,g8t9su8_everyday_random,Kids are so cruel. I had free lunches too and YOUR LUNCH LADY! Oh my goodness what a kind and loving person! I still thrift shop to this day because it’s fun. I appreciate that part of my childhood.,1,17,14
31955,g1dz5kc_everyday_random,Probability we got an accurate version of events here is just as unlikely.,0,17,14
42388,gfbf6vq_politics_proportionality,Don’t worry. His dad will pardon him for all crimes against humanity,1,17,14
37579,g8u2tdr_everyday_random,Don't be fooled by the labels. Each one has a single .bmp of Sarah Michelle Geller.,0,17,14
22098,fjpytw4_everyday_random,"These triggered one of the worst asthma attacks in my life, aaah treasured childhood memories.",1,17,14
32191,g1t1bf8_politics_random,A woman I know in the town I live in has been at the post office for 28 years. She needs two more and she will be golden for life. She has already cracked under the pressure and given her notice. That's absolutely pathetic!,1,17,14
42483,gfdsyjk_politics_random,"And all of that with crippling mental health problems caused by the 9 to 5 job in question, making you unable to enjoy the crumbs of free-time you get.  Also no house and can't afford kids.",0,17,14
11741,dh8s4kk_INCAS_proportionality,"Does anyone actually think the fringe alt right in Europe have any power? They are publicly shamed everywhere, even prosecuted for hate speech. 

I highly doubt they would ever have influence over their candidate of choice, Le Pen (other anti- establishment candidates) would be committing political suicide. ",0,17,14
46650,gkr9i7y_politics_random,"Scum rises to the top.

If you're willing to step on some faces on the way up, you can do well. Sociopaths have big advantages compared to sane humans in capitalism, they don't give a shit about anyone.",1,17,14
39463,gbawg0t_politics_random,NEVER FORGET THE POLITICIANS THAT SUPPORTED AND JUSTIFIED A DONALD TRUMP PRESIDENCY. They must be voted out next,1,17,14
9844,dh4esen_INCAS_equality,The idea that a Le Pen presidency will empower skin heads is an absurdity. Gay people are justifiably concerned about a growing Muslim population. ,1,17,14
30047,fye7n0g_everyday_random,"Given the fact that you made another post in which you got pissy that you couldn't invite yourself to your sister's birthday date, and then sent a pic of her bikini riding up on her to your parents out of spite, I'd say she's got a pretty accurate view of your behavior.

Advice? Leave her alone and stop trying to control what she does.",0,17,14
21091,fi37998_everyday_loyalty,Doesnt it hurt your consence? I would feel like shit,1,17,14
30141,fyiypno_everyday_equality,"Sort of similar to how Robinhood forgot to account for leap day and the whole platform went down, and people couldn’t trade, resulting in many people losing lots of money. To me, that’s a real life example of how Y2K could have happened",0,17,14
10532,dh6zarm_INCAS_random,"According to French rules, who does Le Pen run against if Macron is murdered between now and when the polls open?",0,17,14
39844,gbuoo2b_everyday_care,"He’s 39. Just to reiterate, he’s 39. It makes me angry how lazy people sometimes have such an easy life.",1,17,14
30424,fywnw6m_everyday_random,Never bought anything?!?   I used have my dad take me to get Y-splitters and barrel connectors all the time!  It was so cool.  I was so young and didn't understand most of the stuff in there.,0,17,14
17890,diwg9c0_INCAS_purity,"I really feel sympathy for her, she seems as clumsy as Hollande https://twitter.com/Qofficiel/status/875041306187370496",1,17,14
47047,gldb18k_politics_random,"It's really not though. Most of its are fine with effort, we just want to be the ones reaping the benefits of that effort, not triple yacht McGee.",1,17,14
181,dcf1ygq_INCAS_random,"To be fair, I also think Le Pen's going to win because I think Fillon was an atrociously bad choice to unify the anti-Le Pen vote. The choice to between a Thatcherite whose entire campaign platform was based on attacking beloved social services and rights and someone who says ""We can keep them all, just lose the immigrants"" is the perfect way to boost the Front National's working class vote and make other parts of the left, who Fillon needs to prop him up, stay home. ",1,17,14
16024,di5ginc_INCAS_random,"I disagree. This clearly displays Donny's short sausage fingers. An excellent example of a weak, low energy, old man clinging to an outdated sense of masculinity. The cringe of pain on Donny's face as Macron's bear trap-like hands crunch his tiny sausage fingers is perfect. 

I'm almost sympathetic for Don, almost. ",1,17,14
35040,g5ummmf_politics_random,"Or we regulate them like a utility. 

Or we change the laws so they’re treated as the publishers that they are.",1,17,14
8640,dgrtrun_INCAS_care,Trump fans need Le Pen to win to confirm they're not as deplorable as that nagging cognitive dissonance suggests. They're desperate to avoid seeing their odious ideology repudiated. ,0,17,14
38759,gajbmu2_politics_random,I’m not a real Hispanic because I’d rather vote for conservatives than liberals who just use us for votes,1,17,14
19844,ff1kqix_everyday_random,"Oh oof. Glad youre repaying them, I was gonna say if you didnt spend it maybe they just took it back without you noticing.

But honestly, like you said they were obvious lies, if your parents were actually angry they wouldve confronted you or just taken the money. I mean you were a kiddo so I doubt they feared confronting you about it lol",1,17,14
8246,dgq2xy9_INCAS_care,"did you not see the nork parade? goose stepping fascists.

and they have real concentration camps, not the fantasy delusional kind you imagine trump or le pen supposedly want. 

",1,17,14
46626,gkr1ima_politics_authority,"""You have two weeks to overcome several years of destitution, constant police harassment, municipal fines, and debt. Maybe then I'll think about fucking you.""

What an absolute &lt;censored&gt;",1,17,14
12094,dh91pf9_INCAS_random,"Fuck them. They were so sure their stupid little leaks would have an impact on the elections. Macron did even better than in the final polls.

This is glorious.",1,17,14
39203,gb4wr3r_politics_loyalty,As a Korean American radical liberal residing in Missouri....it is definitely NOT disqualifying...as disgusting as that is.,1,17,14
20104,ffmv5pz_everyday_loyalty,"For the love of God, please don't become a cop.",0,17,14
19868,ff33qor_everyday_random,That’s a laxative (or many laxatives are packaged/look like lil chocolate bars).  Or now-a-days my calcium chews look like little chocolate bars.  They look better than they taste.,1,17,14
392,dcmhqa4_INCAS_equality,"Sadly, there are people advocating that UK should not contribute a single penny to the EU budget while still demanding various benefits and that is the issue. ",1,17,14
39110,gb157pl_everyday_care,"Because who needs real affection and connection when you can just force them, even if they're in pain? 🙄🙄🙄
YTA",1,17,14
19915,ff448sl_everyday_random,Keep your family away from her. That's exactly the type of person who will continue to live and manipulate others for their own benefit.,1,17,14
36502,g7pai5o_politics_random,"Even if he came out okay, with no scar at his lung and heart, are every American going to get the same top of the line care plus experimental drugs.  Good luck getting those covered publicly and privately with current system.  911 first responders bill took countless public shaming just to be renewed(not perm)",1,17,14
44042,ghgeidz_politics_random,It’s amazing how the military voted overwhelmingly Biden.  Well not that amazing when a draft dodger who allowed bounties on their heads is Commender in Chief.,1,17,14
46012,gjxtjmu_politics_purity,"Sidebar/About section has some good resources. Work is institutionalized alienation and exploitation, the alternative will have to include systemic and cultural changes.",1,17,14
32755,g2kqpnt_everyday_equality,"What would make this post more relatable, if there was a nipple",0,17,14
27198,futd0nv_politics_authority,"We don’t have them precisely because the owners of our society won’t allow any progress to happen that doesn’t first line their pockets. 

They never innovate or push society forward, they make their money by gatekeeping progress.

This is the same reason why they have the concept of automation sounding like apocalypse instead of utopia.",1,17,14
32895,g2qiapl_politics_proportionality,"We're evolving, just backwards lol. Time for some racial segregation apparently",1,17,14
43994,ghg9cfo_politics_random,"Verbally so you can’t be asked to present evidence, yea?",0,17,14
13938,dha3dan_INCAS_random,"meanwhile, Emmanuel Macron a couple of months ago : https://www.youtube.com/watch?v=-AHhc7DTIsg

",0,17,14
27689,fvelxb0_politics_equality,Science is also racist. There's no such thing as two gender.,1,17,14
17281,dinl6cf_INCAS_random,"&gt;(I'm sure you would have supported the fascist over Melenchon though, it's what liberals do).

I wouldn't actually, but thanks for being a dick.

And Corbyn was helped a lot by being up against a completely incompetent and uncharismatic Tory leader. Also, the Tories will almost certainly end up with more seats than Labour, so to characterise this as a Labour win is a bit ridiculous.",1,17,14
36616,g7vh8hl_everyday_random,"Being rude and immature doesn't mean you get to walk away free after saying ""its just a joke"". ""Hahaha I slashed your tires and broke all the windows on your car, but its all good because its just a prank!"" She was an ah, you were simply rightfully defending yourself. Nta at all",0,17,14
23368,flxmgju_everyday_loyalty,"Yep, this. They will forgive you it’s a common mistake. However, in the future it’s important to be honest.",0,17,14
15241,dhkt5u5_INCAS_random,"Yeah, the media has been shilling macron since 2015 telling everyone about how great of a president he would make.

He's simply friends with the right people, no much democracy here.",1,17,14
15076,dhh0eu9_INCAS_random,"Cool stuff.

On a different topic, do you think Macron has European ambitions? I'm doubtful that he could pull it off, but I suspect he wants to do to the EU approximately what de Gaulle did to the Fifth Republic.",0,17,14
24308,fo2xb5g_everyday_care,Hey I am not mad that you are an asshole. You can either accept it or you can try to change something. Maybe try to find a reason why you can't show empathy or be remorseful. If it bothers you maybe try talking to a therapist. But having no empathy is usually a sign of being a selfish prick.,0,17,14
20901,fhqxnb7_everyday_random,That meal is insane compared to what we got.  I don't think we ever had fresh veg/fruit,0,17,14
45686,gji53i9_everyday_random,"To add to this, record messages/write letters to open/listen to on special days. Wedding day/ 18th bday etc",0,17,14
33415,g3cqpr3_politics_proportionality,Why use AI when human exploitation is cheaper and allows more variability,1,17,14
24121,fnlesfd_everyday_random,This spooked me as a kid. I'd change the channel when it came on.,0,17,14
27054,ftrpjq3_everyday_care,"Because you feel the need to take care of and save people, perhaps because there’s something you’re avoiding taking care of for yourself?  Often those who try to save use it as a distraction from themselves.",1,17,14
18032,dizjwsu_INCAS_random,In France the elderly had by far the least percentage of votes for Le Pen than anyone else.,0,17,14
36312,g7ind1n_politics_random,Yes!  Exactly what I was referring to.  I enjoyed quite a bit of what I learned in school.  I would return to learn new hobbies and skills for my use.,0,17,14
23863,fn425gh_politics_purity,"He literally checks all the boxes for narcissistic personality disorder:

https://www.mayoclinic.org/diseases-conditions/narcissistic-personality-disorder/symptoms-causes/syc-20366662",0,17,14
45215,gj0l6t0_politics_loyalty,She's not my rep but she's my fave from the state. I am so angry for her sake.,1,17,14
33273,g373yww_politics_equality,So now it's racist for whites to call out other whites for rioting?  I'm so confused.,1,17,14
18008,dizdo45_INCAS_random,"If I wanted to see parodies of American politics, I'd watch SNL. Macron is a joke that doesn't play well for France. I feel bad for the French.",1,17,14
14908,dhf5ymd_INCAS_authority,"France voted against the constitution and was not willing to give up national sovereignty for creating European institutions. That's why the euro had to be rule-based. And now you want to do away with the rules too. Hollande wanted eurobonds but not a eurozone government. Which is impossible because: ""**No taxation without representation.**""

And anybody who, at this point in time, thinks he can win 27 national referendums to change the treaties ought to have his head examined.
",1,17,14
32402,g255fwi_politics_random,"Yeah, states generally fall into two categories: either your ballot must be postmarked by election day, or it must be received by the election office by election day.  Previously, for the latter it wasn't too much of an issue since if you got your ballot in at least a few days beforehand you were fine.  Now?  If you live in such a state, drop it off yourself IMO.",0,17,14
35605,g701vti_politics_loyalty,I am not nor have ever been an anti vaxxer. But I do NOT trust any vaccine pushed by this administration.,1,17,14
35581,g6yytl4_everyday_equality,"When we look at where things all went wrong for society, we can argue that The Real World was the start.  Soon enough, reality tv was ubiquitous, MTV, History Channel, TLC, Discovery, etc were all dead, the populace had embraced stupidity by twice electing an illiterate moron to the presidency.",1,17,14
26223,fseie3n_everyday_random,"Why can't your friend sleep alone? 

Why wouldn't you ask your girlfriend if she was okay with someone else sleeping in your bed?

All very weird.",1,17,14
22781,fl1ihb9_politics_random,"&gt;only use one pair a day, taking them off and putting them back on

OMG, that's not how disposable gloves work at all.",0,17,14
43236,ggcb5zz_everyday_purity,"I think you’re being downvoted for generalizing. People have sexual preferences, regardless of gender. 

Kinda sounds like OP may be leaning more submissive, and GF is also a submissive.  

Speaking from experience, that probably just means they are sexually incompatible. Not to say that two submissives can’t work something out, but she’s already kink shaming OP and that’s not a good sign imo.",1,17,14
33956,g47ss4g_politics_random,"No, a lot of people aren't going to get the virus if they go vote. Stop fearmongering and telling people it's unsafe to vote. 

&gt; By the way, do you see how I made my point without calling you names or putting words in your mouth? Isn’t that neat?

I guess you think calling people anti-maskers and ""covid deniers"" who ""don't care about Americans"" is just nice, friendly chat.",0,17,14
43379,ggltlwk_politics_purity,Yeah basically but god forbid you end your misery and your not here being miserable in this stupid fucking society,1,17,14
4301,dfynv0x_INCAS_care,"Gabbard is American Le Pen, all the economic bullshit that Bernouts love, but utter hatred for minorities from MENA. ",1,17,14
43283,ggfddvs_politics_proportionality,"Because Republicans lose when people vote.  It's the reason the Electoral College still exists. Republicans will do anything to stay in power. Voter suppression, closing polling places, Gerrymandering..... Anything that will keep them in power, they will do.",1,17,14
4017,dfv3jhr_INCAS_random,"The fact is that Trump and Clinton were only a few points apart in the polls while Macron is expected to win over Le Pen by around 20 points. It's not impossible, but it's much more unlikely than Trump or Brexit ever were.",0,17,14
23037,fldlnpy_politics_random,"Ho boy. You have much to learn. 

Libs as in liberals and neoliberals who are predominantly proponents of free market and the use of government power to impose the power of said markets.

They are not the left and are right wingers.

It's the reason why they ans their allies corporate media is so hell bent against letting Bernie win the primary till they coordinated to throw their support behind a senile geriatric named Biden. 

&gt; the twisted mentat

Fallout?",1,17,14
42128,gf2icl7_politics_random,Nothing.  They're just spamming their link on every Politics post.,0,17,15
1517,ddmmcsx_INCAS_proportionality,"There is a direct correlation between lack of education and lack of birth control. They also often cannot afford it. 

http://www.who.int/bulletin/volumes/89/4/10-083329/en/

Maybe the government of France should attempt to provide birth control to these populations? That is the problem with electing someone like Le Pen, they won't address these problems. ",1,17,15
25254,fqcw90n_politics_care,"Everything that doesn’t praise Bernie , argue for never working again, call trump bad is immediately downvoted to -50.  I can’t believe there’s people like that out there who have those beliefs.",0,17,15
37369,g8olov4_politics_random,Congratulations on taking your dignity back and living on your terms! It may be hard in the immediate future but you inspired me to not take more shit at work,1,17,15
30163,fyj56dk_politics_equality,"Would you please point me in the direction of systemic racism in America? Because for the life of me I can’t find a single law that grants white people any privileges that black people cannot have. It’s crazy, not one single law.",1,17,15
42765,gftrp43_everyday_proportionality,"which is exactly his plan and why he's here for advice. Got anything to actually add?

Edit: while we here, everyone check /u/xExplative history, they a whole piece of shit that not only practices this misandry, also practices gender bigotry and ignorance, as well as questionable sexual practices in the form of manipulating people with lies and false pretenses.....",1,17,15
20151,ffnzopt_politics_random,"For the under 30 crowd, I see this a lot in traditional, blue collar industries/culture like construction in SoCal. Few, if any, are willing to oppose the larger group.  What’s needed are grassroots, person-to-person dialogues in these environments to help show what the problem with Trump’s universe. It’s not dissimilar to union building in the past, but it requires a lot of concerted, small efforts to persuade, allow people to save face, and open their eyes.  I just don’t know if there’s time. Or will.",1,17,15
12779,dh96zvw_INCAS_random,"When the FN could not get loans in French banks to finance their campaigns, they got it from Russia: http://www.france24.com/en/20170105-france-national-front-marine-le-pen-russia-finance-election-campaign

You'll find lots of more sources if you google it.

Also /u/00093293 - while I share your dislike of Madame Le Pen, calling people ""whore"" is just not nice. Bad redditor, no upvote.",1,17,15
30872,fzkojl3_everyday_random,"If you were unlucky enough, you got those short ones that cracked your knuckles against the brick walls",0,17,15
46343,gka041f_politics_purity,"Fuck Gillibrand and her bullshit.

Al Franken was sacrificed purely for her (presidential) ambitions to appeal to the *feminists.*

Suck shit to her that she lost.",1,17,15
17493,diri2j8_INCAS_random,"&gt; He is basically the most powerful man in French history since Napoleon. 

Let's not get ahead of ourselves, there has been plenty of powerful men in French history. Macron is probably the most powerful French president since De Gaulle, and that's enough for now. 

",1,17,15
21933,fjj7rmk_everyday_random,I’m still waiting on these “strangers” to randomly offer me some drugs tho....,0,17,15
6261,dgn58nb_INCAS_random,"And it seems like that's a likely option. Marine Le Pen in France and Frauke Petry in Germany, just maybe. ",0,17,15
26365,fsnhiej_everyday_proportionality,if you wonder if it is cheating... it is cheating,1,17,15
6003,dglvjy8_INCAS_care,I find your lack of faith in Jean Lassalle disturbing,1,17,15
22662,fkvyj4s_everyday_random,Some people have no shame though.  Unfortunately there are some people who wouldn’t give a fuck and just keep loading their cart.,1,17,15
12189,dh92bgh_INCAS_random,"Far right in Europe has little in common with conservatism here 

&gt;On economic policy, Le Pen favours protectionism as an alternative to free trade.[42] She supports economic nationalism,[223] the separation of investment and retail banking,[224] and energy diversification,[225] and is **opposed to the privatization of public services and social security**,[226][227][228] speculation on international commodity markets,[226] and the Common Agricultural Policy.[229]",0,17,15
37180,g8jdog1_politics_proportionality,I’m guessing some of these places will be mislabeled just because they’re not vegan?,0,17,15
23934,fn9v58q_everyday_equality,"It was the social media aspect of the internet that really shifted the paradigm of growing up. Before then, the internet had kind of been an information tool, primarily, with a few chat rooms with randoms as the only social aspect.",0,17,15
32120,g1p1k3i_everyday_random,"Vice did a little mini doc on him in 2014: [https://www.youtube.com/watch?v=utiIdR-XVJg](https://www.youtube.com/watch?v=utiIdR-XVJg)

He has his own YouTube channel.  He's still active on it, posted even today.  He definitely shows his age and is basically still trying to make money selling the ""get free money"" dream. 

[https://www.youtube.com/watch?v=L0lodiEEyto](https://www.youtube.com/watch?v=L0lodiEEyto)",0,17,15
12235,dh930of_INCAS_equality,"You mean to say the alt-right. Because the right is not doing too bad, the EU is open to free trade and is a proponent of fiscal responsibility.

""I don't like mass immigration, therefore I would like to destroy the most prosperous economic union in the world"" is a piss poor argument. Macron is for much tighter EU border control for instance.",1,17,15
21185,fia00c7_everyday_authority,Just because you’re dating doesn’t mean you consent to having sex at any time the other person wants to have sex.,1,17,15
25492,fqy84s6_everyday_random,"*Officer McCheese

Edit: Wait, its Mayor McCheese you are probably right about the name",0,17,16
34449,g4via0d_everyday_random,"I play it a couple of times a year. The first quest is fairly easy to me now, but the second quest I still can’t beat without a guide. Even then, the second quest is stupid hard.",0,17,16
134,dcctc0a_INCAS_authority,"You could say that about anyone for any thing.

I'm still waiting for examples of anti semitic speech, action, or politic from Marine Le Pen.

That you cannot provide any leads me to believe that their are none and that accusations of such have been nothing more than slander and virtue signalling from the left. That leads me to believe that the best thing for France, and Western Democracy, is a Le Pen presidency.

Your lies make her interesting to me.",1,17,16
10389,dh6r8po_INCAS_random,"Yeah, I really, really, wanted Fillon to win, he was pretty much perfect to me. Admired Thatcher on Economics, wanted to reduce Islamic Immigration, wanted protect French Culture, pro-Catholic, had a decent amount of gov't experience. And of course, capable of actually beating Macron in the 2nd round.",1,17,16
39748,gbpk7oe_everyday_random,"Yeah, that's kinda messed up. You should maybe try and get that compulsion under control. And maybe by not selling drugs and weapons back into the community you'll have less dead people to steal from in the first place.

EDIT
No judgement on your past actions btw. Life is fu ked at the best of times",1,17,16
39772,gbsltre_politics_proportionality,"Does that count the blatant vote suppression efforts enacted by the ruling party that were aimed with near surgical precision to reduce the vote for certain ethnicities in certain areas, including, but not limited to a blatant reduction in postal services to disenfranchise their opponents?",1,17,16
10912,dh7fvjs_INCAS_care,"Sure, but do you realize that there are actual people who hold the same values and agenda that brexit, Donnie, and le penn represent? And that it's super condescending to dismiss people's genuine political interests, whether or not you agree with them, as just a Russian hacking conspiracy? ",0,17,16
16663,dicu18o_INCAS_random,"&gt; and now apparently French German relations which have been solid with Hollande always backing Merkel up where suddenly shit for an entire decade

I didn't say they were shit, but they were hardly particularly strong and certainly not something that could be associated with words like ""dynamic"" or productive for that matter.",1,17,16
25587,fqzy4kl_everyday_random,Totally forgot about this. A high school basketball classic. Along with the Gatorade with the nipple top.,0,17,16
30731,fzelefu_everyday_proportionality,"Cunt isn’t a gendered insult just like a dick. Men and women can be cunts and dicks, and you are both.",0,17,16
9750,dh41ho2_INCAS_authority,"Maybe you didn't bother to read the article - the claim is that equal marriage laws will be repealed if Le Pen wins the election.

Youve brought your own prejudices to the fight.",1,17,16
30825,fzicb8x_politics_purity,"""That’s especially true of an organization known for pedophiles and rapists among their “peacekeepers”.""

I'm glad the article didn't fail to mention this",1,17,16
275,dcjgxba_INCAS_random,"While I agree with you, it should be clear that a success of Brexit is, by definition, bad news for the EU.

If Britain could be better off outside the EU than inside (which, however, appears rather unlikely), it would embolden anti EU extremists everywhere, like Le Pen in France for example.

If Nationalism wins, the EU loses, simple as that. 

Whether you think this is good or bad is of course up to you. 




",1,17,16
9916,dh4yx84_INCAS_random,"&gt; How could I go on the streets to try and stop a Macron government I voted for when he destroys worker rights in the future?

By electing Le Pen?",1,17,16
46508,gkpfxbd_everyday_random,"Not a bad idea. get the stuff you love away from the untrustworthy person. Basically, take temptation away from her.",1,17,16
40245,gc8ikvx_politics_proportionality,"Basically zero, like the chance of success for all these other lawsuits",0,17,16
34306,g4jguxq_everyday_purity,"NTA.

Anything that negatively affects one’s health should be changed. Change isn’t always easy. Sometimes it isn’t even possible. But, that doesn’t negate the fact that change *should* happen.",1,17,16
30990,fznjz8m_everyday_random,"Just break up with him.  There is little to be gained by trying to have a conversation about it. You don't even need to give him a reason for breaking up, just end it.  That level of toxicity is not something you need in your life.",1,17,16
29999,fycztnm_everyday_random,I loved this show the mall in my City used to have a ride of that worm in an apple when I was little,0,17,16
31060,fzq4ygc_everyday_random,"NTA - throwing a phone on the ground is a bit harsh, but taking pictures of your butt and actually showing them to you is sexuall harassment at its best. Next time maybe consider filming it tho and calling the police, because he could sue you for damaging his phone.",1,17,16
21138,fi91rs9_politics_care,I don’t understand how anybody is to take this seriously when the president and his psychotic fanbase aren’t held accountable for near anything. Anybody that has something to say about Bernie’s campaign in this regard isn’t taken seriously by me at all,1,17,16
34258,g4hh4qz_politics_random,"And the whole reason that he was kneeling during the anthem was because he was throwing a hissy fit about being benched for Gabbert. Then when a reporter asked why he wasn't standing for the anthem, he made up the BS about police brutality. It wasn't about police brutality, it was about him crying about being benched for a white dude.",1,17,16
9537,dh2s401_INCAS_random,How about you join your local black bloc? Throwing some molotovs a few times a year is way less destructive than voting for Le Pen just because she comes from a party that was fringe until now for good reason.,0,17,16
9017,dgvadf0_INCAS_random,"Backstory: I'm green and this dude makes a poll on different economic models in a politics group that I admin (Also long term lurker and first time poster so be nice, thank mr macron)",0,17,16
38806,galx9f5_everyday_loyalty,"Okay, but don’t you think that affluent and successful people can also take advantage of you or betray you?",1,17,16
46413,gkev4wm_everyday_proportionality,It’s not heartless. People need legitimate support sometimes from trained professionals. Not randoms on Reddit.,1,17,16
15740,di0wvyp_INCAS_random,"[from le twitter](https://twitter.com/username_frank/status/867725856805990404)

&gt; Trump: ""Fuck me... This guy means business.""

&gt; Macron: ""It's like shaking a condom filled with tuna salad :(""",0,17,16
19724,fepm5uo_everyday_loyalty,"Pay no attention to this person, they’re wrong.  No need to defend yourself.",1,17,16
8411,dgqv8na_INCAS_random,"HRC was nowhere near a 20+ point lead two weeks before the election. This is not a tie. Brexit and Trump were upsets, but Le Pen winning is almost impossible.",0,17,16
12401,dh94kqo_INCAS_care,"&gt;We rooted for Le Pen because we love our French allies. Liberals rooted for Macron because they hate Trump.

*cognitive dissonance intensifies*",0,17,16
21232,fib7mkn_politics_equality,"Trump: ""I don't think that that's really a crime, he's being treated very unfair.""

Barr: ""I don't think that that's a crime. He might be being treated unfairly by an overzealous prosecutor. Also, I'm not being pressured by the president at all.""

Trump: ""Good boy.""",1,17,16
12521,dh95awf_INCAS_random,"France didn't pull a US, but Le Pen had a very strong showing.  The warning about not uniting against National Front was still pretty valid, it's just a lesson the French people heeded that Americans did not heed from Britain and Brexit.

You all did the right thing where we did not.",1,17,16
38265,g9rgh8i_politics_random,"How stupid are these people?

I think it’s a bit of a missed opportunity for Trump to not hammer the phrase “human trafficking”, as that is what is happening. I think it would be a more powerful way to characterize the situation.

Like this: https://preview.redd.it/w56dujqkmtu51.jpg?auto=webp&amp;s=3ba375edec03c72fd4929f567661e0de9121bb44

Matt, you do great work. I’ve relied on a lot of your articles debunking various leftist BS over the years.",1,17,16
35439,g6og4kc_everyday_random,Unsure. Are you 100% sure your wife wants her you in the delivery room? Her comfort has to take precedence.,1,17,16
29222,fwxap39_everyday_care,Stop hugging her etc.  If she asks for a hug say no and explain why. If necessary tell her that you feel like she's sexually assaulting you.,1,17,16
24808,fpjp6s0_politics_random,"With his senseless and completely uninformed invasion of Iraq, W put the goals of conservatism back at least two decades.",1,17,16
31791,g15n6ic_politics_random,"I didn't know construction is considered unskilled. Where I am from one needs specialised training to get into the field. According to this website a large abundance of construction work is skilled labour save for stuff like sweeping up the construction site and jobsite helpers: https://www.tradesmeninternational.com/construction-management/skilled-labor/ I'm pretty uneducated on the topic, could you tell me what I am missing?",0,17,16
38053,g9k5h5c_politics_authority,So this officer breaks the law and that’s your excuse? How about the officer not break the law.,1,17,16
17042,diih2a0_INCAS_care,"ok so [there's already this](https://bosguydotcom.files.wordpress.com/2017/05/macron-france.png) (not authentic Macron i think but who cares)

and [shirtless trudeau](http://3.bp.blogspot.com/-1YZcGNnYs8s/T3fTfsfn6eI/AAAAAAAAH5Y/Yng_dV3xKso/s1600/Justin+Trudeau+-+Patrick+Brazeau+boxing.jpg)

lol, we could seriously do this. My photoshop skills are rusty though.",0,17,16
46130,gk0yfmr_politics_loyalty,"Sorry you’re mentally incapable of reading opposing viewpoints.  Here’s a newsflash for ya:  Not everyone thinks the way you do. 💡That’s not how the world works. Aren’t you lefties constantly preaching tolerance and inclusivity?   Well, practice what you preach.",1,17,16
1261,ddepg6e_INCAS_random,"Last night in On n'est pas couchés, he seemed to hint that he would declare if he's sure Juppé won't replace Fillon.

BTW, how come the percentages are different in the title and the image?",0,17,16
15455,dhoapab_INCAS_random,I've made zero attempt to keep up with French election news after Macron won. Give me a short summary of events since then. Don't you guys still have a another round or something? ,0,17,16
17137,dikfn1l_INCAS_care,"&gt;The entirety of neoliberalism is based on a stupid argument, 

The stupid argument that free markets maximize wealth and should be emphasized but properly regulated to prevent market failures and externalities? Much dumb.

Man, if only the ""neoliberal countries"" weren't the ones that are doing the best economically and the countries that adopt neoliberal reforms that liberalize their markets didn't see gigantic increases in quality of life - oh, wait, lol, that's exactly the case.

&gt;that calling conservativism something else changes it

Wew Lad. TIL Obama, Macron, and the Clintons are Conservatives.",1,17,16
22074,fjpbz25_politics_random,"For real. What also sucks is I took about two weeks off and I’m halfway through, and it’s like...what the fuck do I do?? I’ve been spending more time with my loved ones and that’s been the best, but there’s this weird guilt hanging over me, like, I’m not making money and I feel bad. Shit sucks.",1,17,16
4961,dgc00mi_INCAS_random,I don't think anyone doubts she makes the second round. I've seen several polls that show if it's Melenchon the race is too close to guess at.,0,17,16
13462,dh9ite7_INCAS_care,"hey you were chill, you too man, and I do it too. Its actually a damn nuance to see someone humble enough to say they made a small mistake on reddit, and I sadly kind of see how people would blame Macron anyway. Heres to dreaming of a society where rationale or critical thinking leads to positive action... more regularly.",0,17,16
37464,g8qkwle_politics_random,"Just follow that McDonald's guide to living on min wage idiots, don't eat food, don't heat your home, don't buy gas for your car or clothes or soap or water, don't even think about getting something that will give you some enjoyment in your little time off work like a tv, and work 2 jobs! Smh so simple.",1,17,16
1425,ddl8i73_INCAS_authority,"Why would they leave? People are so overreacting to Trump it's awkward at this point. People describe the situation as if Trump would send death squads to their houses and confiscate their wealth.

Now, Macron was probably joking but it seems that the posters in r/Europe genuinely think that Trump is some dictator who got to power by organizing a military coup.",1,17,16
33651,g3ogutr_politics_random,Wow just found out what that meant.  Our country is fucked up,1,17,16
22214,fjx5iu6_politics_random,"You either don't work in a white collar field or you are the member of your team that is the butt of every joke because of how shit your work product is. This is not a meritocracy, having access to the funds to support a C average education through uni does not make you more competent than the person delivering your pizza, just makes you more fortunate.",1,17,16
13556,dh9nxc9_INCAS_random,"&gt; Despite not being Macron's fan,

American here - what are the things you don't like about Macron? I don't know much about him or his politics; I'm somewhat more aware of Le Pen.

I wasn't fond of Hillary Clinton either, and even less of Trump. It seems that both of our systems have the ability to give us a choice between two bad candidates.

I hope Macron turns out to be better than expected.",1,17,16
4631,dg7zovo_INCAS_care,"Mouai. I am right-wing and will Macron without hesitation. Fillon's supporters lie to themselves when they think he is innocent, or are very cynical when they decide to support a futur convicted politician just because he is liberal &amp; conservative.",1,17,16
43307,ggghzcy_everyday_random,"That's even better, you don't have the qualifications to go psychoanalysing people and yet here you are: offering a shitty judgement",1,17,16
28213,fvx5w0r_everyday_random,"^ This, if she's having a hard time with pregnancy (not uncommon) she could be a danger to herself and the baby. Wouldn't be the first person who subconsciously figured drinking would solve what they perceive to be the problem. I.E the baby and the pregnancy as a whole",1,17,16
4253,dfy5a8a_INCAS_authority,"I want to hold Merkel and Hollande responsible for criminal acts. But I have about as much power to do it, as they have in the case of Assad.",1,17,16
33533,g3i25qw_politics_loyalty,"To be fair, I do feel like that’s the internal feeling but I doubt they’d openly admit it lol",0,17,16
45780,gjn2tnb_everyday_random,I know the pressure is coming from my mom.  She's a master of guilt trips.  But I'm not going to give on this one.,1,17,16
45804,gjo28z0_politics_random,"Seriously- the whole system breaks down as soon as there is one cog in the wheel. Worked my ass off in high school and got a great GPA to be accepted into a good state college. Well it all went to shit when my parents refused to pay and I couldn’t get ANY financial aid since my father made “too much” money. 
Now I have a 20K student loan that just keeps growing interest",1,17,16
44018,ghgbe95_everyday_proportionality,"it pains me how often people get scammed, regularly. congrats for some level above common sense",1,17,16
43827,gh8oczv_politics_random,"This is silly. Everyone has a right to know the culprit and the evidence of underlying reasons for the incident.

This article is a model of good journalism. Just reporting the straight facts. I think your sentiment is better suited for sensationalist journalism",1,17,16
17819,diujfvd_INCAS_random,Exactly. If you don't do something about the refugees and immigrants now then Le Pen is going to be elected in 2020 and the far right will be legitimized. I know the terrorists have all been natural-born citizens so it's terribly unfair what might happen to the refugees but I don't see another way to prevent it.,1,17,16
17773,ditr60x_INCAS_purity,"So you have no idea what macronutrients are?

Do you know what the glycemic index is, at least?

http://www.health.harvard.edu/diseases-and-conditions/glycemic-index-and-glycemic-load-for-100-foods",0,17,16
3241,df06oat_INCAS_proportionality,"It's not, but I prefer it to the others that give excuses and find other more or less scientific reasons to justify policies that are based on hate, but lots of people get fooled by the rhetoric, like le pen, Brexit, Trump, etc

Not that I like them or respect them more, just that they are easier to fight ",1,17,16
23392,fm5adpg_politics_equality,"You’re right, trumps the real victim here. Poor dear leader :(",1,17,16
18382,dj9inet_INCAS_random,"I don't think he will. Macron is smarter than that, and isn't afraid to say it. Nobody here in the US understood the instability of removing some of these powerful figures in these hostile environments. Even if they did understand, they probably wouldn't have cared. We ran in there with possibly different agendas in mind. Saddam could have caved in to every US demand and gave up any WMD if he had them at the time and I think we still would have gone in given the circumstances of 9/11 and alternative agendas by Bush and Cheney.",1,17,16
44416,ghvljst_everyday_care,The planet where when someone expresses anxiety over having done something they regret you do your best to provide them support and alternatives so they don’t have to compromise their conscience again.,1,17,16
33391,g3bjtpq_everyday_care,Thanks for gaslighting me and adding to my trauma. Go fuck your self.,0,17,16
36408,g7mho8r_politics_loyalty,"They can't be racists because they claim they aren't. Same as their logic they can't be fascists because their name is antifa. 
The hypocrisy is unreal",1,17,16
1795,ddsc111_INCAS_random,"With Fillon on the edge of quitting, she is trying to get part of his electorate. ",0,17,16
35816,g74pd8j_politics_random,Trump attacking Joe on this means Trump concedes the point,0,17,16
44770,gieyalt_everyday_equality,"Also, don't say ""chivalrous"", that escalated the sexist overstepping of the situation.",1,17,16
14270,dharp6e_INCAS_proportionality,Macron is an absolute savage! No mercy for dem Nazis. ,0,17,16
32966,g2syyaw_everyday_random,"""IF YOU'VE EVER PLAYED WITH SUPER ELASTIC BUBBLE PLASTIC AND ARE NOW EXPERIENCING CANCER SYMPOMS OR PHYSICAL MUTATIONS, YOU MAY BE ELIGIBLE FOR COMPENSATION! CALL NOW!""",0,17,16
24168,fnrowgi_politics_random,"It's literally telling you to ""show appreciation"" for not getting a raise because your manager ""probably"" advocated for more.  Fuck that.",1,17,16
14932,dhfoqfe_INCAS_random,"Melenchon would do to the Socialists what Corbyn has done to Labour imo. 

Anyway, it's looking like En Marche will replace the Socialist party. [Latest polls put them at like 30 seats or less, almost entirely replaced by Macron's party. ](https://en.wikipedia.org/wiki/French_legislative_election,_2017)",0,17,16
36169,g7euk51_politics_random,"Sometimes, I think maybe I should move to a warmer state and just be homeless. I've been working for the past decade with nothing to show for it. Basically just giving my time away to bosses. Sure being homeless can suck but at least my time will be mine.",1,17,16
36193,g7fgxe2_politics_equality,"All capitalist countries have dictatorship by proxy. Businesses dictate everything to you, in place of the government - they run that too though. Make the slaves think they're free and they're much easier to oppress and control.",1,17,16
23839,fmyqzpz_everyday_random,"Neon colors are used in nature to show that something is poisonous, your brain was just functioning properly lol",0,17,16
14884,dhex46p_INCAS_loyalty,Yea Macron realy is a drug addict who plan to destroy France for Islam while brave brave La-Pen is a tragic hero who just try to save the world /s,1,17,16
16095,di5qwoi_INCAS_equality,Plus Trump is encouraging countries and their citizens to undermine the EU. He supports Farage and Le Pen. Has been saying horrible borderline Breitbart conspiratorial things about Merkel and the refugee crisis. It's a big mess.,1,17,16
16071,di5ls9x_INCAS_random,The topic at hand was that Macron knows how to string sentences together.,0,17,16
2503,decyqjn_INCAS_equality,"The EU is not directly interfering in the French election.

The investigation in the assistants has been going on for 2 years. It's not a new, politically motivated thing.

Likewise, in the current situation lifting immunity is not interfering. Immunity laws are supposed to protect MEP's against unjustified persecution. Le pen did publish those images, and they're sgainst the law in France. Therefore, its not unjustified and immunity should be lifted.

Nlt lifting immunity would be interference. After all, thst meabs you're saying Le Pen us allowed to breach French laws for her election campaign.",1,17,16
10674,dh79gk2_INCAS_random,"Macron already has defending himself though, claiming that there are some fake emails in there with real ones. And since social media is not as important as it is in the US and the lack of news coverage will prevent this from turning into an emailgate. [And French people are ](https://twitter.com/TeamMacron2017/status/860526058118008832?ref_src=twsrc%5Etfw&amp;ref_url=https%3A%2F%2Fs9e.github.io%2Fiframe%2Ftwitter.min.html%23860526058118008832)[already mocking the leaks ](https://twitter.com/DrHercouet/status/860611077356343296/photo/1)",0,17,16
24144,fnmp2zv_everyday_random,"You should still try to be there for him. You might end up regretting not spending his final days one day. I know it's hard, but what's gonna be harder? Being there for him in his last days or trying to forgive yourself for not spending time with him before he goes?",1,17,17
33132,g3149i3_everyday_random,"Hey, your love language might be ‘words of affirmation’ and all your boyfriends nice words for someone else are striking you a little more closely than they might someone else. Look into the love languages and maybe share with your boyfriend that a few words for you go a long way in making you feel loved and happy.",1,17,17
23769,fmumqyv_politics_authority,I’ve never understood the mentality of people who do this sort of belittling of supposed ‘menial’ work.,1,17,17
18266,dj61wbm_INCAS_random,"[Le Pen Wins Seat in French Assembly, Saving Her Political Career](https://www.bloomberg.com/politics/articles/2017-06-18/le-pen-wins-seat-in-french-assembly-saving-her-political-career) ",0,17,17
32942,g2syg2e_everyday_purity,"&gt;anatomically correct penis

Dildos and vibrators are often much bigger, longer, thicker...than anatomically correct average (even large) penises",0,17,17
45098,gitv776_politics_random,"&gt;They don’t actually believe in free speech they believe nobody should ever tell them anything they don’t want to hear or hold them accountable for the stupid shit they say

And their types are naturally attracted to law enforcement.",1,17,17
45405,gj58ldz_politics_loyalty,"Yes, yes it is political retribution to punish a treasonous terrorist enabler.",1,17,17
44487,ghy6nlk_everyday_purity,"&gt;*You can’t control how you FEEL. Only how you act about those feelings.*

THANK YOU.

We all have irrational feelings sometimes. Those feelings never excuse reckless harm done to others. There is a difference between being a child and an adult - this is perhaps the biggest one.",1,17,17
45591,gje170o_politics_authority,"""Our operations management is terrible and we want someone to help accommodate our incompetence.  For almost no pay.""

They also want the candidate not to make any mistakes ever.  Despite all the mistakes they're admitting to making.

Send them a fake resume from, like, Seymour Butts or something for that bullshit.",1,17,17
14006,dha5nlr_INCAS_random,"What makes me insane is that if she was a younger man along the lines of Macron or Trudeau and had the same exact policy positions and same debate performances, she would have won in a landslide. America fucked up.",1,17,17
3993,dfupvmh_INCAS_random,"&gt; Marine Le Pen has been extremely careful to avoid talking about the elephant in the room.

The far right has been all about dog whistle politics for a while now. Explicitly racist and fascist talk will end a party's chances, but they can happily continue in exactly the same directions, with exactly the same policy goals, with all the support of their racist and fascist bases by using dog whistle messaging, while denying such agendas when asked directly.",1,17,17
37110,g8eyzgr_politics_random,"I constantly see people blaming Trump for all the deaths in the US and that he botched containing the pandemic....


Yet, they offer no alternative. I've yet to see a plan outlined on how Trump should have handled it. All i see is blame.


Also, even if Biden or Sanders or Cuomo or AOC or anyone had a good plan to fight this thing... But kept it to themselves and not immediately approached the president about it, then they're directly responsible for lost lives.",1,17,17
26388,fsp73zn_politics_random,LOOTING IS VALID! This country doesn't care about you and it's time to stop pretending it does. Destroying their business is the only way to really upheave this country.,1,17,17
32448,g2724pt_everyday_random,"Because in what world are 16 year olds expected to take responsibility for their actions?

Real world.",1,17,17
42954,gg0fwl9_everyday_random,"ESH- he sucks for being a borderline predator about it, you suck because why would you ask that knowing she’s 15?",1,17,17
45966,gjw9d3i_everyday_random,"YWBTA This is totally normal in uni, and especially in grad school. Finding a prof who believes in you, your ideas and potential is rare and she deserves to take up any opportunities she comes across.   
  
As do you, so I hope opportunities present themselves for you.",0,17,17
19087,fdbcgqc_everyday_purity,I can smell this picture. Always had a strange odor and made certain drinks taste funny.,0,17,17
37507,g8t4wat_politics_authority,"You're talking about being forced to accept, and not speak out or even act against people who look or behave in ways that offend your opinions and beliefs, interpreting that as an authoritarian act.

Others are talking about saving democracy and the rule of law, about ensuring the government and populace are informed and acting on facts, and that those in positions of authority aren't misusing that authority in opposition to the constitution, and ensuring all branches of government are working as designed. This is currently at stake.",1,17,17
42788,gfty6wm_everyday_random,Buy flavacol. It’s what theaters use to make their popcorn a cut above the homemade stuff. It’s on Amazon for like $6. It’s a game changer.,0,17,17
22003,fjnen7h_everyday_proportionality,I think this pretty much sums up pogs. The allure is inexplicable.,0,17,17
26270,fskpv0s_everyday_loyalty,"Omg, when you are 70, she’ll only be 67!!  You fucking pedo, you are disgusting!! /s

You are both adults.  It’s your life.  You aren’t breaking any laws or hurting anyone.",1,17,17
28872,fwntgn7_everyday_care,"I know! Coming across an image of something I haven't seen or thought of in years gives me sort of a wistful sense of revisiting those times. Weird feeling, I wonder if there's a word for it . . .",0,17,17
32026,g1g9gtq_politics_random,"Literally the first thing I did in reaction to this post. Fresh browser session, and signed-out on Google..CNN, ABC7 News, and two local stations out of Nashville and  Charlotte, all at the top of the results.

[Screenshot of search results](https://i.imgur.com/S4EuDFx.jpg)

Can I get clarification on what OP means by ""media blackout""? Anyone at all, please, I'm genuinely perplexed by the suggestion.",0,17,17
17089,dij95q2_INCAS_authority,"Having the legitimity by winning two democratic elections is truly a gamechanger. The left-wing of Ps rebelled under Hollande because they have the feeling that they betrayed their electors (not entirely false), this time it's in the program so if people choose EM as a majority, he can reform labour law (really needed according to everyone but not everyone wants the same things in the reform so we're stuck with olds labour laws which aren't satisfying for anyone).",1,17,17
6567,dgnh65s_INCAS_random,Le Pen discoursed and OP made a joke about Macron receiving endorsements from everyone.,0,17,17
42086,gezkxrj_politics_random,"&gt;""80 hours a week is healthy and good""

""Exploit me harder daddy""",1,17,17
31627,g0zu7ws_everyday_proportionality,"Since when does someone else's pregnancy obligate an uninvolved party to sacrifice more?
OP had no part in this pregnancy no part of the planning for this pregnancy and absolutely zero obligation for responsibility for this pregnancy.",0,17,17
26011,fs33jjo_politics_random,"... it's also inherently wrong. Success is tied to luck more than anything. Knowing the right people, being in the right place at the right time, etc.

&amp;#x200B;

Hard work and being extremely talented in your ""job"" (art, music, acting, business administrator, etc.) has literally no correlation.

&amp;#x200B;

Here's a neat study regarding it:  [https://arxiv.org/abs/1802.07068](https://arxiv.org/abs/1802.07068)  


edit: ofc, this isn't saying sitting on your ass just wishing for success will work, but, you get the point. I hope.",1,17,17
34095,g4c73mz_politics_care,Yeah man I fuckin hate bootlicking employees. How can human beings that live on this planet be bored when they don’t have work? It baffles me cuz we didn’t come out of the fuckin womb and start working. People today are seriously soulless and I welcome Armageddon/Apocalypse cuz damn we need a hard reset.,1,17,17
40954,gd6umgp_everyday_care,"Sounds like you cope way healthier than most people man. Don’t feel bad, your friend sounds awesome :)",1,17,17
40837,gcxdmnd_politics_care,"I see lots of young people showing fortitude, character and resilience by fighting for their ideals; fighting inequality, fighting exploitative, capitalist practices that undermine democratic society and the like. But that's not what they mean by this text, what they mean is: keep the status quo, but settle for less. Go through the same drudgery your parents did, just don't expect the same benefits.",1,17,17
29880,fy2eyvy_everyday_random,That's the part i dont get. Also wouldnt they lose more in closing cost?,0,17,17
21114,fi4rvsm_politics_care,"Oh, guaranteed. I doubt that most liberals even agree with the whole transgender thing.

And it's not hard to understand why. I mean, just look in your pants if you have trouble identifying your gender.

And there's nothing compassionate about ""accepting who they are"" if alongside that, comes a remarkably high suicide rate.",1,17,17
39226,gb5e0si_politics_care,"Man, I appreciate this insight tremendously. 

I just cannot relate Trump as the good guy sticking up for the little guy. It is just so far from my perception of the man it seems like lunacy. 

If this is your truth, I respect why you vote for him. I just never could.",1,17,17
11195,dh7qr0s_INCAS_random,"So roughly at what time will the results be available?

Macron is expected to win iirc, right?",0,17,17
10224,dh62ekt_INCAS_authority,"That is my *suggestion*, but unlike Macron I would not try to force this policy on other countries against their will, and I would not vote for any politician who would.",1,17,17
10793,dh7asnd_INCAS_random,"Flamby strikes again. Wait, who would be actually president until a new election is organised? Would Hollande stay or would it be the president of the Senate or something? ",0,17,17
20712,fh7o471_everyday_loyalty,"Stay sexy and don't get murdered! Trust your instincts, babe. I know that society tells us to value politeness and men's feelings above everything, even our own safety, but you absolutely made the right call to not contact this guy again.",1,17,17
40742,gcuzdxl_politics_care,"This makes me so mad, like how fuckin dare they where’s our surplus value",1,17,18
12639,dh95vi3_INCAS_random,the 58.8% number refers to voted actully counted. The 65% number is a projection based on exist polls. By the time all the votes are counted Macron's voteshare should go up to 65%,0,17,18
25444,fqu9bt1_everyday_random,Get searched irl is not like in movies when they just want you to get into T pose and touch you 2 times😂,0,17,18
17,dbv74ya_INCAS_random,"Hollande put the country into a state of emergency for a whole year. He's not really one to warn about taking away freedoms now is he.

What's worse is what did in that state of emergency. Did he go after the islamic extremists that caused him to put a state of emergency in effect? No, he went after people posting critical stuff about Islam. The guy is a massive hypocrite and a traitor.",1,17,18
19585,fejii6x_politics_authority,I regret to inform you that both Gates and Musk are absolute garbage.,1,17,18
23721,fmsxpsq_politics_authority,Good. I’d rather have Biden than Sanders if Trump were to lose. Say no to socialism!,1,17,18
23654,fmq0zn6_politics_random,"This guy is a born fail. Good riddance. 

If recent history is any guide, the next guy will be inexplicably worse.",1,17,18
34757,g5bcx9f_everyday_authority,NTA: they need to respect your wishes and the pain associated with it. I would also be prepared to take same space from them if they don’t abide by your rules.,1,17,18
44746,gieqcur_politics_random,Or a room to sleep in outside of a prison cell.,0,17,18
2670,defgs24_INCAS_random,"Well what if Marine Le Pen becomes President and FN controls parliament, and as part of a ""law and order"" crackdown on all sorts of crimes, prisons in France become overcrowded and there is a lot of prisoner abuse and neglect, so journalists start taking pictures of abused, starving etc. French prisoners and circulate them among the French people.

Would they be allowed to make a law that those images are obscene or hateful and therefore can't be disseminated?",1,17,18
2718,deg01iz_INCAS_random,"Even if all that were true, it's ridiculous that the EU is meddling like it is. Fillon looks good, but I'm not sure about his stance on the EU and that's a deal breaker to a lot of people. ",1,17,18
34425,g4vdtj8_everyday_equality,"As a female, I always felt perverted holding one of these things.",1,17,18
44464,ghxyqko_everyday_authority,"seriously. when ppl get stoned they don't do crazy perverted shit like that. He needs to take accountability, and just admit he already had those ideas inside him. Weed and porn had nothing to do with it. He wanted to do it",1,17,18
3170,deu2cec_INCAS_loyalty,"Shame on you, France. I would love to give Hollande and Merkel a dunce hat for their spinelessness. And my wishes of support to Greece, Netherlands and Denmark, who are not afraid to stand up against this clown.",1,17,18
27339,fv158jy_politics_authority,White privilege is a concept created to justify racism against whites.  It has no other function.,1,17,18
31179,fzwhp8h_everyday_loyalty,bold of u to assume im still not doing it,0,17,18
15953,di5069f_INCAS_random,"Well, yeah, we can assume all we want.

But just posting what I did above (merely insinuating the obvious) got me trolled by someone.

Macron and his wife have a relationship that would destroy careers and lives if the genders were reversed. Period.",1,17,18
35087,g60gbep_politics_purity,"Although they are absolutely abhorrent, it's not just the elected officials here. The entire Republican base has been conditioned to view petty, vitriolic, nihilistic behavior like this as redeeming and empowering. The reason Republican office holders can get away with it is not simply because they're callous assholes, it's also because their callousness is not only allowed but \*rewarded\* by their racist, xenophobic, ignorant base.

This is what propaganda does. This is why they've used it. The GOP needed an excuse, so it manufactured consent by indoctrinating idiots.",1,17,18
3523,dfcy64a_INCAS_random,"Yo France, we fucked up here and took the gambit.  Its walk af, don't do it. Muslim's aren't your enemy fascists like Marine  le Penn are. Don't let your grandchildren and great grandchildren look at you in shame. ",1,17,18
12826,dh977ey_INCAS_random,# Caption: Le Pen's reaction to Putin asking for his money back.,0,17,18
31699,g13vhr9_everyday_random,"You need to get a sense for whether she's going to have your back when her family digs in. Because they will, trust me. If you are confident she can stand up to her parents and will have your back, then go ahead and move forward with the relationship.

I cannot stress this enough - if you even have the slightest feeling that she's just telling you what you want to hear and waiting for some unnamed time in the future to take a stand, then you need to seriously consider ending this relationship. Please trust me on this.",1,17,18
15644,dhtuoa6_INCAS_care,"The mental gymanstics you jump through to justify your ignorant opinions are hilarious.

Are you arguing that her strongholds flipped after the first round? (They didn't).  It doesn't matter what the total vote is, what matters is people around Muslims have a higher tendency to dislike them.

There's literally no evidence to support number of mosques correlates to more affluent Muslims, what a hilariously idiotic sentiment.  Also, are you seriously arguing there are more affluent Muslims in rural areas?  Because your original argument was that areas with more Le pen votes were more rural. 

tl;dr:. You're incredibly stupid.



 ",0,17,18
19395,fe6npxc_everyday_random,"Ah the sleepovers where we planned on staying up all night but we were both out cold  halfway through the movie.

Also see: adulthood",0,17,18
25160,fqa7v4s_everyday_random,"Well I'll tell you, some of that stuff back in the day had no sunblock.  And basically it cooked you on a really hot cloudless summer day.  Often my sisters looked and smelled like a couple of coconuts.",0,17,18
16757,did1e59_INCAS_random,That's not what they said. They said the hacking of Macron's mail was low tech and anyone could have done it.,0,17,18
23085,fleg9go_politics_authority,The right to bear arms overrides the possibility of felons and the mentally ill buying guns. Shall not be infringed.,1,17,18
43757,gh4ylxh_everyday_random,Please do right by her and don’t screw up this second chance.,1,17,18
43803,gh7t4uj_everyday_loyalty,"“That’s French they’re speaking, and these children aren’t French, they’re American.”",1,17,18
38029,g9hwych_politics_proportionality,"They should be using law enforcement, not the courts. From my understanding, the CA GOP is clearly committing crimes. The only role for the courts is at their criminal and civil trials.

Not arresting these criminals only exacerbates the enormous justice gap in this country.",1,17,18
16971,dihqqta_INCAS_random,"Trudeau and Macron still have plenty of time to betray us, but I think Merkel is a pretty safe to crush on at this point.",1,17,18
34002,g48khrs_politics_random,Superintendent in the district I work in basically did the same thing. I do IT for the district so while the presentation was happening I was going room to room making sure everyone was able to view it properly. I caught bits and pieces of it but he started going on and on about “the importance of this election in November” and how we need to be “sensitive” to people of color. Made me sick,1,17,18
20407,fgh17wp_politics_random,"If establishment democrats decided to listen to old boomers and nominate flotsam like Klobuchar and Biden, then this country deserves Trump.",1,17,18
582,dcr24rc_INCAS_proportionality,"&gt;  we're justified in condemning islam at every step because of isis and boko haram.

Are our Muslims voting for ISIS candidates in Europe? Or are you saying some people in FN and AFD are just like ISIS (here we can agree)? 

Your little Mme Le Pen on roids Frauke Petry said police should use firearms to stop border crossings. 

That's not inherently wrong? ORLY? How many deserts does Germany have?",1,17,18
25775,frq493x_politics_authority,"I honestly don't know what they're supposed to do. You can't even get unemployment unless you've already worked. 

We really have to dismantle capitalism immediately.",1,17,18
19348,fe03emh_politics_random,"I'm relatively young and in good health so I pay for a value plan through my employer.  As I get older I'll pay for a more premium plan,  because that's what's best for ME.  I don't need to subsidize some obese trailer park family who smokes and eats McDonald's every day.  I donate money for cancer and Alzheimer's research out of personal choice, not government compulsion.",1,17,18
24475,foq8hyq_everyday_random,It isn’t like you are married with children.  I’d just dump him and find a boyfriend who treats you in a way that you feel is more respectful.,0,17,18
4325,dfyoywv_INCAS_proportionality,"Yes, arrogance is part of the problem. The arrogance of European leaders such as Angela Merkel, François Hollande and Stefan Löfven is directly responsible for the deaths of innocent people.",1,17,18
35652,g71gwb0_everyday_random,"And for the comment about coworkers’ wives cooking for them. They’re grown men, they can make their own bloody lunch.",1,17,18
33747,g3x2ru4_everyday_random,"Divorce was messy because we're pretty sure my dad might've cheated with his now-fiance, so there's a lot of hurt and anger on my mom's side. Understandably of course, but he's still my dad and I trust his opinion on cars and I am glad he wanted to have my business go to my cousin even though they no longer speak",1,17,18
33793,g4029aa_politics_random,"The left is outraged by that moment. My coworker the other day was like “did you hear what trump did? He was supposed to be in lake Charles helping but he was just helping his friends make money by giving them autographs. He’s such an idiot.”

I lost respect for her after she made such a nonsensical remark.",1,17,18
43212,ggc3dge_politics_purity,"Please Baby Jebus and all of Santa's Elves, this is what I want for Christmas.",0,17,18
4420,dg15zs3_INCAS_loyalty,"How would voting for Le Pen help? Do you think all muslims would just magically disappear into thin air? They wouldn't. Most muslims in France are french citizens and won't go anywhere no matter how much you or Le Pen want them to, except if you elect Le Pen you will have a leader who hates you as well.",1,17,18
24547,fozqkij_everyday_care,Anyone who ate candy out of these is immune to coronavirus,0,17,18
28283,fvyqfsw_politics_random,Honestly the shitty work laws in the US are making me consider moving elsewhere. What would be a good place to move to as an English speaker?,1,17,18
42931,gfxtrc5_everyday_random,"dudes and ""dudas"" (your girl) that do that ARE NOT relationship material. They just a one night thing and move on cause there is no way they will settle  


First fuck ranking people, the fuck is wrong with her, like her opinion about what's good matters...",1,17,18
25065,fq5qkek_politics_purity,"Yeah, you’re right. They ruin that sweet sweet ethical system centered on the population’s wellbeing for the others... 

Or did you forget the /s at the end of your comment?",1,17,18
10864,dh7f7fl_INCAS_random,"Although I voted for him during the first round and will for the second, he's no hero. Do not make this sub another echo chamber. Macron has good intentions, I believe, but time will tell if he's able to make France prosper without putting the least financially sheltered populations aside. I really hope so, because otherwise it'll be difficult to preach against the extremes.",1,17,18
33180,g34vppg_politics_loyalty,Why keep calling them a crazed Mob or protestors we need to start calling them what they are insurgents,1,17,18
22145,fjshc88_politics_authority,"Right, my point is teaching that Christians are commanded to tithe is nothing but false doctrine.",1,17,18
5482,dgiokzh_INCAS_random,I really think you are right. But I think this strength would be very temporary and even more focused in German hands. This is why I really hope Macron wins. He's more likely to advocate for a compromise between the South and Germany and bring back some balance in the EU dynamic.,1,17,18
14318,dhbfafw_INCAS_proportionality,"Can we make ""Filion/Hamon would have won"" a meme for Bernies/Trumpsters?",0,17,18
37746,g90swmp_politics_random,"This is why mutual aid is important to organizing as well. The atomization of communities, to create that feeling of being alone even when surrounded by neighbours and co-workers , serves to benefit the ruling class by preventing organizing for that very reason.",1,17,18
46721,gkupn1j_politics_care,"You can't see it, but I'm wearing my shocked face right now. Who could have predicted that crazy, violent, destructive protestors would eventually outstay their welcome?

... once their actions might become an embarrassment to our Savior, Sniffer-in-Chief Joe Biden.",1,17,18
6521,dgng4gx_INCAS_authority,Serious props to both Fillon and Hamon. A clear signal of how we can all unite against the alt-right.,1,17,18
20925,fhrs2qm_everyday_care,That's actually really nice! such a small thing but it probably makes people who value privates and such really happy. I love that.,1,17,18
29085,fwtlm4c_everyday_random,actually better to lift your brake when getting rear ended. it’ll lessen the impact by letting the energy move than if the car behind you stone walled you.,0,17,18
14198,dham32e_INCAS_random,"Of *course*! It was misogyny! That's the reason people didn't vote for Le Pen. Not the fact that they disagreed with her ideas, but because she's a woman. You're absolutely right, how could I have missed it, it's so obvious now that you mention it!",0,17,18
32826,g2mb6b3_everyday_random,"Hey man, it’s really cool that you feel this way. And even cooler you’re finding the courage to speak up about it. Keep doing you! One of my friends (a guy) wears blue eye shadow and I think he looks badass with it. I’m a guy btw. Shouldn’t matter but it does.",1,17,18
36478,g7opjz0_politics_loyalty,"Lindsey graham is also an airman (though I'm reluctant to recognize him as such) and has completely disgraced the oath every airman is demanded to live by: ""Integrity first"".",1,17,18
26342,fsnaw86_politics_equality,"They want a kafkaesque world in which racism cannot be proven or disproven and that racism is solely in the feelings of those affected. We can no longer have someone being an asshole because they are an asshole anymore, they must be doing it for a deeper reason.",1,17,18
10177,dh60r5b_INCAS_random,"&gt; MACRON 

Yeah, I have no idea what that even means. Y'all are so far up your own asses there is no sunlight. You don't even realize how detached you are from the people who are supposed to be voting for you.

You just lost to Cheeto Benito. Maybe it's time to stop fucking about and have a serious conversation about how that happened and what needs to be done to fix it? But no, you'll just keep posting stupid shit on Reddit. That'll fix it. ",1,17,18
6755,dgnk0b1_INCAS_loyalty,"Honestly, as a generally ignorant outsider, I find the 20%+ vote for Fillon equally terrifying.  Isn't he embroiled in some horrible corruption scandal, is a consummate big business insider and generally the French equivalent of Hillary?",1,17,18
46884,gl4wc1w_everyday_random,"For starters, your handle being “evilexwife” when she’s not the one who is evil. You and your fiancé are.",1,17,18
37627,g8uwboh_everyday_authority,"He did a thing that he was told to do by someone that he cannot refuse without consequence. His mother took full responsibility for his actions by telling him to do it, even in light of his objections.",1,17,18
18501,djc131o_INCAS_care,"TBH, we're dealing with a wide-spread resurgence of populism sympathy -- and it's not just E Europe suffering. (See Brexit, Le Pen, and more) .... ultimately, EU will be better off with helping us in CE overcome this, than having hateful neo-nazi dictatorships at their front stoop without having any control over these countries. ",1,17,18
30283,fyno2rd_everyday_proportionality,"No it shouldn’t, I’m just saying that I think you misunderstood the intention of the info request. Just because it shouldn’t matter doesn’t mean that it’s not the way that a lot of bigoted and homophobic people think",1,17,18
30094,fyg9tla_politics_proportionality,Oh yeah a system that's inherently strictly hierarchical and where the only true incentive is egotistical greed definitely only sucks because 'humans evil' 🙄,1,17,18
6968,dgnnem9_INCAS_random,"I am French and yes is very bad. I can't vote (16 years :/). But Le Pen has a program racist not all the program but a big part. She has a bad economic and I am a pro UE and no way for a ""frexit"" ! So Macron is a clon of Hollande he did the ""job law"" with 49.3, my convictions are is a lost of time of he is elected but better of Le Pen. So yes is bad. Yes my english aren't very good sorry :)",1,17,18
36711,g7xhdpx_everyday_random,The filmmakers of the 2017 Power Rangers movie totally missed an opportunity to have AJJ make a special appearance as Kimberly's mother.,0,17,18
13724,dh9xhlc_INCAS_random,"Can anyone ELI5 the political environment that fostered the conditions for Le Pen and Macron to emerge as the top two candidates? I know there were two other ""contenders"" that did well in the run-off, but not well enough.",0,17,18
41498,gdynq2s_everyday_random,"YTA. Didn't need to go beyond ""good or useful wife"" to make that ruling. I'm not going to judge you for having more traditional viewpoints, though I deeply disagree (she states her opinions...heaven forbid). I will just say that it's not your place to make those comments.",1,17,18
32261,g1wmrym_everyday_care,"Absolutely NTA. You should never have to feel forced to hug someone! Sometimes people feel entitled to affection, but that never makes it their right to have it, and it's not your responsibility to give it either. Never. Not even family members.

Your dad should never force hugs from you! That's not normal behavior, and of course hugs should feel good for both people!

Is your dad acting weird around other things? Is there anyone close to you that you trust other than your dad that you can tell these things to?",1,17,18
40482,gcg52ms_everyday_purity,Holy shit. Same! I can still taste them when I think about them.,0,17,18
13700,dh9wlkc_INCAS_random,Because Le pen lost? Never said that. Read my other comments. ,0,17,18
9325,dgzf0ly_INCAS_random,I thought she was going to make everyone in Germany wear a headscarf to appease the hoards of violent rapist refugees flowing in from Syria? Seems a bit off-message if she's showing up in Saudi Arabia without a headscarf. VOTE LE PEN 2017 ,1,17,18
29552,fxhiifp_politics_proportionality,It's about time that someone is held accountable for this bullshit.,1,17,18
37440,g8pqt7w_politics_random,Lets go to the real world now.... wow I felt that,0,17,18
13486,dh9ko82_INCAS_equality,"Everybody who voted for Le Pen is uneducated, racist and a facist haHAA  
I'm 12 btw",1,17,18
8945,dguxzn1_INCAS_authority,"We are already divided, don't make it worse Macron.

The only thing these statements do is provide arguments for euroskeptics and nationalists, when people feel threatened they rally to leader. If EU sanctions Poland or Hungary it will only bolster their ruling parties and radicalize the hardliners.

",1,17,18
13628,dh9qn2t_INCAS_care,"Makes sense don't you think? Hamon is a lefty and less of a authoritarian nationalist like Melenchon. So? I prefer them as they are closest to my ideology. It's not like any anarchist would be running( I mean Potou is i doubt he would get much support) . Furthermore, anyone who wants to helps working class is my friend.",1,17,18
37039,g8e9nb0_everyday_authority,"Nta. You dont have to call her anything you dont feel comfortable saying.

Her comfort should not dictate your actions, especially at the expense of your own comfort.",1,17,18
37323,g8lyiq9_politics_purity,It's embarrassing to have to expose people as being religious fanatics but we should anyway.  She's not a normal Christian.,1,17,18
37157,g8g6soi_everyday_purity,"idk, I think both of these are equally bad lol",1,17,18
25302,fqg5cbw_politics_random,"Forced labor is the only the thing capable of producing drive? You don't think a leisure society would be social and built around ideas of growth, discovery art and other means through which life is given meaning? 

And the climbing suicide rates of today aren't helping your case",1,17,18
32496,g2adrpr_politics_random,"The difference is when there’s a problem but it’s not continual and no effort is made to change it. If family is toxic, if a friend is toxic, cutting them out of your life is your only option to improve things.",1,17,18
29648,fxkkg91_politics_random,"There's a reason Bernie Sanders and Elizabeth Warren like the guy. It surprises me the number of Bernie supporters in online communities turn on him on a dime over his Biden support, it's bizarre and you do have to question how good faith some of those 'supporters' are.",1,17,18
37252,g8kn6c7_politics_random,"""Rest assured that all lethal military androids have been taught to read and provided with one copy of the Laws of Robotics. To share.""",0,17,18
18807,djmds06_INCAS_random,"&gt; All her ledgers were written in le pencil.

""I hear they write the script of these jokes in pencil!""

""Oh? Good time to afford in erasers!""

""Doooh oh oh oh""",0,17,18
13532,dh9n3et_INCAS_random,Macron's honestly not that bad. Both are significantly better than Hamon or Melenchon and either choice would shift France further right than their current administration.,1,17,18
16477,dic4uh9_INCAS_random,"is anyone here listening to macron's speech?

""The US has turned its back on the world. France will not turn its back on Americans""

god i fucking love him",1,17,18
16262,di7vge9_INCAS_authority,Putin is just respecting the Islamic values of Chechnya and allowing them to run their own community. Maybe Macron should appeal to the Imams and Muftis.,1,17,18
29671,fxkzbtp_politics_random,"People lived and died with their family and extended family for almost all of history. There are Europeans still living in homes built by their ancestors since the middle ages. Strong families, cultures, and communities are the enemy of Governments and consumerism.",1,17,19
32543,g2at0tt_everyday_random,"Not only the calories. Also, in a pregnancy, while there is stuff you shouldn't eat (like liver pâté) the craving comes from your body telling you which supplements are needed. And while you can stifle most with pills or tablets, it's not the same. NTA. You want a healthy baby, you do what you feel good with - within reason. No whiskey for you! It's gonna get harder in the future.",1,17,19
46106,gjzu9gt_everyday_loyalty,So you called your boyfriend to rant. He listened to your rant and offered you some advice about your problems and you bitched at him for that . Next time you want to rant call a therapist and do not torment your boyfriend.,0,17,19
36992,g8caxpr_everyday_loyalty,"I work at Walmart and support u stealing, shitty ass company fucking deserves it👍 also no one cares if u steal unless ur a pussy ass manager but they think they’re hot shit for telling a bunch of minors what to do",1,17,19
36969,g89136m_politics_authority,"man, FUCK this system. do what you have to do to survive.",1,17,19
29433,fxcvsku_everyday_equality,"Not ""meaning anything"" by it doesn't mean it isn't racist.",1,17,19
21397,filml6i_everyday_random,OK...forcing your foster kid to read “A Child Called It” is terrible. I’m so sorry that happened to you.,1,17,19
32613,g2fe2bb_everyday_random,"Your fetishes are one thing. Impersonating your SO without their consent is not a fetish and I don't know where you live, but it could also be a crime. Think of her running into someone ""she"" matched and sexted too?",1,17,19
21629,fivbto1_politics_random,"This some hard hitting shit, HARD. I couldnt have said it better myself. Another thread earlier had brought up the justification point he made, and most often overjustify and in fact glorify this enslavement. I cannot for the life of me understand why we as a species have not adopted a reliable system that benefits all people all of the time and reduces work to the minimum necessary? Its an absurd timeline",1,17,19
37674,g8x37c3_everyday_random,"I WANT to upvote this post so others see how much of an inconsiderate fucking piece of shit you are, but yet...I don’t want others to have to read what I had to. You understand the people working there make pathetically low wages, and you don’t have a decency to own up to it? No, your fat-ass is apparently too embarrassed, yet not too embarrassed to order more fucking shit to shovel down your gullet. You fucking suck, just leave.",0,17,19
36431,g7mwlj0_everyday_random,"My boyfriend picked me up at 5:00am everyday for months so I could get to work when my car broke down. He was damn tired too.

I feel bad for your girlfriend, YTA.",1,17,19
28967,fwqe8c7_everyday_loyalty,NTA. Your wife is being ridiculous. You're treating him exactly like the other kids like you promised.,1,17,19
6120,dgmxgi4_INCAS_care,I don't know well Sanders. Can you explain me what are Hamon and Sanders's similarities? ,0,17,19
28611,fweedeu_politics_authority,I think you're thinking of the Civil Rights Act of 1964. The Constitution only deals in actions of the federal government (and by extent the State governments via the 14th amendment).,0,17,19
25705,frc9k9m_politics_random,"Reality really is disappointing isn’t it. People don’t want to hear about the achievements of human beings, they want to hear orange man bad",1,17,19
43024,gg1k3n8_everyday_random,"Good money in the pallet business. 

My dad joined a company with someone like you doing the same, he had a office position. So when he found this was going on, he told his boss, took it into his own hands and any money made was split between all staff (including drivers) as a xmas bonus.

Pretty fair if you ask me.",1,17,19
1050,dd6xf8o_INCAS_random,"We do not give a flying fuck. He's free to sleep with whoever he wants. 

Sarkozy divorced and remarried in the middle of his mandate and Hollande had his affair made public. It didn't hurt them. ",1,17,19
4490,dg2hlx3_INCAS_random,"Well it is whitewashing to me. I dont mind if Le Pen wins because I'm anti-EU. But it's a fact that a part of France was occupied and if a big part of the country rounded up jews and killed them, then that's part of the history of the country too. You can't just be cherrypicking on who's fault it was and detach it from your country's history lol.",1,17,19
45733,gjlzvvv_politics_random,"“Customer first” philosophy taken to an irrational extreme has created superentitled monsters (Karens) while Joker-izing the employee experience. (By Jokerizing I mean this: https://images.app.goo.gl/kyS2666mFKWUFsP38) The death of small business only makes this worse, as more and more people are under the thumb of callous corporate executives.",1,17,19
38123,g9llqiv_everyday_random,Ours had them locked too. They were filled with little bits of food and paper that people had shoved through the cracks,0,17,19
34212,g4etrp9_everyday_authority,"I don't mean to offend or be mean, but what the fuck is wrong with you? Do you need to see a therapist or something?",1,17,19
12070,dh91mwq_INCAS_authority,"I wanted Macron to win because of that, fuck the_donald and fuck everyone who supports their degenerated ideology. Sorry for the French by the way.",1,17,19
44205,ghkhsjg_everyday_equality,Agreed. If they changed their mind after learning they are on the hook for an interpreter that is textbook discrimination.,1,17,19
15929,di4dkh2_INCAS_random,"Trump DOES do things like Macron did, all the time. Personally I love seeing the orange haired bully be bullied around himself for a change. You redhats can dish it out but you can't take it, so I can see why you're so upset that your little messiah got treated like the bitch he is for a change.",1,17,19
3475,dfcuxj9_INCAS_random,"And that's why I said ""to Le Pen voters"". Most of them miss the days when the entirety of Europe was divided between autocrats, using invasions to get their way, and think the EU is the Fourth Reich, where ""mutual agreement"" was reached by the elites without adequately consulting the populace. To them, Putin and his Eurasian Union is at worst a lesser evil.",0,17,19
19514,feg7dde_everyday_loyalty,"he's abusive, neglectful, and embarrassed to be married to you and you still like him??",1,17,19
23630,fmo1r4k_everyday_random,"If you were in 8th grade in 84 you'd be 49 to 50 rn, not 47.  You would have graduated in 88 not 92.  Tf.",0,17,19
15976,di58t2c_INCAS_random,"That's the point. He tries to pull away like twice but can't extricate himself from Macrons grip because he's an old wimp about to face impeachment. He's low energy and needed to cancel an event just so he could get enough old man rest to finish the first 1/3rd of his trip. 

Honestly that's what I love about Trump's supporters. Y'all really are exactly as dumb as he is . ",1,17,19
34569,g53lxm6_politics_loyalty,"I can’t believe this racist white supremacist is president. How dare he try to make peace, we only make war!",1,17,19
26937,ftl8ih0_everyday_purity,"Even if the girls are of age, the fact that he’s deriving sexual pleasure from girls that look like they’re below the age of consent is a huge red flag. And a lot of girls involved in sexual dancing on tik tok are underage, because the app is hugely popular with under 16s.",1,17,19
24379,fo6av8t_everyday_loyalty,"You're just proving my point dude. I said phobias are irrational, your definition says they're irrational, yet there's nothing irrational about having a distaste for sexist and homophobic men. Transphobia is a weasel word; it's an attempt to make legitimate criticisms seem bad by deliberately associating with the legitimate term ""homophobia"". Claiming transphobia exists is the same as claiming murdererphobia is a thing.",1,17,20
19537,fehjm2f_politics_proportionality,"Bruv, get ready for at-will employment!

&gt; **At-will employment** is a term used in U.S. labor law for contractual relationships in which an **employee** can be dismissed by an employer for any reason (that is, without having to establish ""just cause"" for termination), and without warning, as long as the reason is not illegal (e.g. firing because of the **employee's** race...

It's fucked.",1,17,20
26698,ft61sg5_politics_loyalty,This meme isn't propaganda. It's a correction to what is propaganda in popular culture. The police do not face the threat that they act like they do. The police are not fellow workers. They are the enemy of workers. They have sold themselves the owners and betrayed their fellow workers. They are class traitors. ACAB.,1,17,20
6591,dgnhh65_INCAS_random,"Macron has no plan to change the union in a significant way, just like Hollande before him.

Europe won't change. At least, not if the changed is to come from Germany and France. 

I don't know if I prefer to leave the Europe or leave it as it is. I really don't know. The poor have it bad, and it keeps getting worse. The FN won't stop rising with Macron. The most terrible has yet to come. ",1,17,20
19703,feohf3w_everyday_equality,They should absolutely apply to low level jobs. Having a degree means nothing if you aren't working in a job that applies to said degree. Lower your standards. You aren't too good for a job if you don't have a job. Having a job is better than no job.,1,17,20
6662,dgni3h1_INCAS_random,"No candidate reached the required 50 % (no one ever has). A run off vote will happen in two weeks, between centrist liberal Emmanuel Macron and far-rightist Marine Le Pen.",0,17,20
28944,fwq7twt_politics_random,"""would have""?

We have slavery, we justify it by saying it's not cotton picking on plantations, it's labor sold by prisons. We've always had legal slavery and always will.",0,17,20
2455,de9mrut_INCAS_authority,"No one can't do shit to him. And it'll only get worse with his buddies Trump, Le Pen in charge of their respective countries. Meanwhile, the assassinations and corruption by Putin's regime will only expand.",1,17,20
25611,fr1nr7a_politics_authority,"“What capitalism has provided to you”? No, what capitalism has taken from you. Systemic exploitation and by design, capitalism is insufficient and unsustainable because it’s priorities are profits and surplus.",1,17,20
42317,gf7me2g_politics_care,"&gt;Why I love my spouse, even though they treat me terribly.

""You should leave them, for your own well-being.""

&gt;Why I love my boss, even though they treat me terribly.

""Well, of course you should.""",1,17,20
38948,gasri6l_politics_loyalty,"She is a vengeful, spiteful, hateful woman that constantly invokes the based and vile (and violent) emotions from her followers.  She has no shame.  And her POC privilege allows her to act this way with impunity from MSM, who castigate Trump and his supporters on a daily basis for ‘dog whistles’ only they seem to hear.",1,17,20
26435,fsrjvtr_politics_random,"Been saying this for a while.  It's absurd that nail technicians need training and a license to assure we're protected from fungus, but police are allowed to carry deadly weapons with minimal training and no licensing of any kind.",1,17,20
12353,dh94ala_INCAS_random,"Congrats Macron, deserved!  
The EU will hopefully only get stronger after this, they've done so much for us here in Ireland &amp; it has been a constant improvement.",1,17,20
32731,g2kc9ot_politics_purity,"It’s because they are taught that words equal physical violence. So if somebody says words that you don’t like, that’s reason for violence. It’s a hop skip and a jump to go from words to beliefs. So now, they believe it’s ok to assault a kid, if they believe differently than you.

It’s really disgusting.",1,17,20
28896,fwolzde_everyday_care,"I absolutely guarantee you that a lonely, sad, distraught, hysterical, hormonal, devastated child did not “understand” that the only mother figure she knows outright turned her back on her when she was literally sobbing and begging for comfort. It’s almost certain she is internalizing your rejecting and developing crippling self-loathing. Good job.",1,17,20
38924,gasisgl_everyday_random,"Once, in high school Econ, we were learning about the different types of income taxes. My seat neighbor said that they’re glad taxes are the way they are because her dad made a lot of money and if they were proportional they’d have to pay more. Like.... she actually said that.",1,17,20
34851,g5jeulh_politics_authority,"
Congress shall make no law respecting an establishment of religion, or prohibiting the free exercise thereof; or abridging the freedom of speech, or of the press; or the right of the people peaceably to assemble, and to petition the Government for a redress of grievances.

TLDR: You can’t fry your citizens like ants with a magnifying glass for holding you accountable for being a complete fuckstick.",1,17,20
27269,fuzwcjh_everyday_proportionality,"u sit on the edges as if they are sort of tucked under, to stop air from escaping, if that makes any sense",0,17,20
34875,g5lf8hd_everyday_random,"You misunderstand the reasons behind your actions. You were curious how the fire would burn the whiskers or if something happened.
A possible serial is curious about what the mice feels. How do they react to pain? How long do the mice survive? How hard do they struggle? Can I see the pain and suffering? And most of all: did I enjoy it?

You were curious about the fire not the pain and suffering of the animal",1,17,20
42014,ger4avd_everyday_equality,NTA. People should know without being told not to abuse other people's property.,0,17,20
31014,fznw6h9_everyday_care,"If they know they're sisters, they can absolutely do nothing about it. 
But just realize that you can predict how the children will react. It can bring them closer, or it can make them hate eachother.

I wish you all the luck in the world because you don't have an easy task at hand.


But please don't make them stop being friends. That will do more harm.",1,17,20
34923,g5nnv02_everyday_authority,"Whenever somebody says figure it out I say ok Nickelodeon. Likewise, I’ll will add it on, “figure it out Nickelodeon”. People rarely understand either way...",0,17,20
6826,dgnlygg_INCAS_purity,"Yeah, and Trump wished to make America Great Again, but he's an incompetent buffoon so I'm not holding my breath. I don't know enough about Melenchon to tell whether or not he's an incompetent buffoon (he's probably better than Trump, but then so is my baker), but Macron certainly seems like a more competent statesman. I value competence way more than ""wishing"".",1,17,20
34378,g4ryjgd_everyday_random,Not until she goes to therapy. You know what's worse than a mentally unstable person? A mentally unstable person who doesn't even realize they have a problem. This could end up so badly.,1,17,20
229,dchx2m0_INCAS_random,"I am a CSU voter who thinks a rot-rot-grün will be very bad for the country, but don't feel bad about voting SPD or Die Grüne if that's your thing. They might be incompetent and I disagree with most of their program and staff, but they are respectable parties. I know everyone hates Gabriel, but in times of Trumps and Brexits and Le Pens and Wildeers, Gabriel is a choice I might be able to live with.",1,17,20
33109,g30zmyi_everyday_random,"I also like how she doesn’t think she’s homophobic when the lesbian girl in question did NOTHING. She can’t point to a single thing that girl did, it all came from OP’s head, yet she doesn’t believe SHE is the problem ???",1,17,20
42602,gflyq35_everyday_random,"ESH

You let your husband treat you like a doormat for five months. He's obviously an asshole for expecting you to do everything for him. However, it's not his mom's job to clean up after him any more than it's yours. Leaving and staying with your sister is fine, but you should have left him to deal with his shit himself.

p.s. you're probably in therapy and/or lawyer territory",1,17,20
5672,dgjcghh_INCAS_random,Apparently a big part of The_Donald is pro Marine Le Pen. ,0,17,20
16687,dicwb9p_INCAS_authority,I love Macron. I wish Portugal had someone similar to him so that we could also pass laws that could moralize politics in Portugal.,1,17,20
35111,g62zios_politics_purity,"Intelligent, compassionate people try to avoid causing suffering. Reproduction causes tremendous suffering. Intelligent, compassionate people try to avoid reproducing.",1,17,20
5530,dgj6l1p_INCAS_loyalty,"Le Pen wouldn't keep anyone safe, she'd only give ISIS and other terrorist organizations more potential recruits.

You will never be able to kill all the radical islamists, in fact the more you kill the easier it is for them to recruit. The best way to stop terrorist attacks is to show non radical Muslims that ISIS is the enemy, and not the west. If we ostracize them it makes ISIS look right.",1,17,20
3571,dffh77v_INCAS_equality,"&gt; You mean people like Macron want to make France's economy stronger and more robust

Not the French economy. Only the economy of his international, borderless corporate masters whose interests lie in dismantling the European welfare states by lifting all limits on business, importing cheap third worlders and destroying the European social trust. Macron may be the ultimate neoliberal candidate, even more so that Clinton was. He is a living manifestation of the boundless greedy materialism.",1,17,20
44229,ghklb3t_everyday_care,Just here to send you my love. I respect your courage and strength. You are NOT alone.,1,17,20
14651,dhdfycp_INCAS_equality,"&gt;Corbyn also appeared unconvinced by the new centrist French president-elect, Emmanuel Macron, despite writing to him about Brexit. Asked if Labour could learn from Macron's victory, Corbyn sketched out a different economic vision: ""I think this is a time when we need to look the inequality in economic structures in society, and so I’m proposing an economic agenda which benefits the vast majority of people and does challenge inequality.""

What a fucking joker",1,17,20
21514,firiz2a_everyday_care,If you do get caught you know you deserve whatever consequences come with that right ? You totally invaded her privacy . I wouldn’t say anything unless it’s brought up it’s good you deleted it,1,17,20
11101,dh7o0sx_INCAS_random,Macron's wife is 25 years older than he is. Trump is 27 years older than Melania.,0,17,20
1564,ddmqqkp_INCAS_equality,"I've seen the passport news skewed two different ways:
1) Le Pen will force Jews to renounce dual citizenship 
2) Le Pen's citizenship restrictions for all countries...besides Russia???!!! 

The Russian exemption is valid for all continental European countries, and stripping dual citizenship is valid for all other countries. It's just interesting to see how different sources present it.

But yeah holocaust denying is a pretty shitty thing to do. ",1,17,20
23226,flnfc76_everyday_random,"You are 100% right in staying home. Dont ket them guilt trip you. Yes, maybe you all hang out and nothing happens.. maybe. Is the party worth the alternative? Forger getting sick for a moment, what if you get in a car accident or some other incident that would not occur if you stayed home? That will require health care professionals to help and clog the system. Stay at home is not just about spreading the virus, but also lowering all medical related incidents to help reduce stress on health system.",1,17,20
36028,g79x9mc_everyday_random,"It's a very fair point, you should find out if this did only happen after he came out/was an adult, because there may be other reasons why he was always your dad's favourite.

This really needs to be reported to the police and your dad charged with abuse. One would hope your mother had filed for divorce.

Maybe talk to your brother over the phone, and see if there is more to it, but my first reaction would be no do not invite them as it is inevitable with this large an issue, that it would be a shit show",1,17,20
27641,fveca3m_everyday_random,"NTA but I wouldn't go no contact, yet. I would tell them that you were hurt. Remind them you are letting them be a part of your sons life as a courtesy but don't appreciate those types of insults and abuse. Remove them from social media and I probably not allow for unsupervised visits until some trust is established.",1,17,20
7039,dgnou69_INCAS_random,Could you eli5 Macrons policies and role in recent goverments.,0,17,20
39724,gbnzukw_everyday_equality,"Let's not bullshit each other - white neighborhoods (whether poor, affluent, middle class, etc) are never called ""the hood"", regardless of the level of crime or poverty.

OP does not mean ""the neighborhood I grew up in"" or ""my
friend's neighborhood"". They mean a neighborhood that is predominantly black,  latino, or immigrant PoC, and of a lower social/economic standing than their own.",1,17,20
37888,g99qx55_everyday_loyalty,"NTA. You are protecting your unborn child, and calling her out for not doing the same.",1,17,20
31907,g1cn1t4_everyday_random,"If you like piña coladas and getting caught in the rain...then yes, very much yes.",0,17,20
17938,dix05vi_INCAS_loyalty,"Hollande's problem isn't that he was terrible as a President, it's that people voted for him expecting him to be something he didn't turn out to be. He wasn't unpopular for being an awful President, he was unpopular because people were blatantly lied to.",1,17,20
28473,fw1zf1w_politics_random,Good for her. Telling people to be safe while also understanding the risks of going out is good leadership.,1,17,20
43851,gh99vq5_everyday_purity,The only way I can describe it is like you’re in early pregnancy. You can smell EVERYTHING and every smell brings on a wave of nausea.,0,17,20
39939,gbyfu8s_everyday_random,"Yeah no you're the father of her children, she should be making u feel special and appreciated too.  Nta",1,17,20
24856,fplis0g_everyday_random,Same thing here. This was a low key urban legend everywhere it seems.,0,17,20
43923,ghdeoti_everyday_random,"They betrayed him either way and pushing to ""support"" him is clearly a bid to clear their conscious. OP needs professional help after this mess and those two need to leave him alone. Ex wife should only ever contact him for kid related things and Kate needs to fuck all the way off.",1,17,20
7540,dgo5gsb_INCAS_random,Trump was down 2-5% in the polls throughout most of the campaign season.  Le Pen is down 25%.,0,17,20
25397,fqmalq7_everyday_equality,"""Parasitic lifestyle"" is one of the diagnostic criteria for anti-social personality disorder",0,17,20
13391,dh9h8vr_INCAS_equality,"You're missing where it says ""the Nation Front in France [is] often cited as neofascist""?

&gt;neofascism advocated extreme nationalism, opposed liberal individualism, attacked Marxist and other left-wing ideologies, indulged in racist and xenophobic scapegoating, and promoted populist right-wing economic programs. Unlike the fascists, however, neofascists placed more blame for their countries’ problems on non-European immigrants... and made concerted efforts to portray themselves as democratic and “mainstream.”

This is a fair description of Marine Le Pen.",1,17,20
16829,didjzwr_INCAS_care,"Merkel = Women should keep at arm's length from migrants if they don't want to be raped. 

Macron = Terrorism is a normal part of our lives that we have to accept. 

Trudeau = When you kill your enemies they win. (Also let's put laws in place that restrict freedom, and let's not define them one bit). 


Leaders of the fucking free world right there. ",1,17,20
36923,g874pwm_everyday_purity,"NTA

That is a gross violation of your trust and completely disrespectful to your feelings after all your mother put you through.",1,17,20
36899,g85t9w9_politics_random,"Please don't forget about all the Republicans that came together to make this happen. Paul Ryan and Mitch McConnell deserve as much, if not more, blame in all of this.",1,17,20
28449,fw1upi2_everyday_random,"Sometimes there are no good options. The only person who gets to decide if they are good or not is the friend, and she found it didn't meet her needs and that's okay, too. Sometimes someone has to back out of an event because of competing access needs.",1,17,20
43733,gh4jr1z_everyday_random,When I was in high school I could get the soda machine to dispense two 20 ounce Pepsi bottles and give me my change back by pressing the Pepsi twice while simultaneously pressing the refund button. It worked about 70% of the time.,0,17,20
8080,dgpbd46_INCAS_random,I would also feel dirty for voting for another neoliberal but I wouldn't think twice on voting against Le Pen. ,1,17,20
29975,fyb7ry6_politics_purity,"That is so fucking ridiculous! The amount of Melanin is not an indicator of how compassionate someone is! Are we gonna just disregard facts and just go with ""feelings""!?

Yuri Bezmenov, a KGB Defector warned us about the blatant disregard of reason and logic that is shown in the left-wing today! 

&amp;#x200B;

 [right here!](https://www.youtube.com/watch?v=Z1EA2ohrt5Q)",1,17,20
9561,dh3bkho_INCAS_care,"I didn't say it would stop it, but it would obviously not get better to import more terrorists. ISIS have said they export terrorists, and many attacks have proven they weren't lying.

I have no doubt terror won't stop with Le pen, but importing more will certainly make it worse.",1,17,20
40363,gcadvf2_everyday_random,"I'm confused. I'm talking about your mom's affair partner. You said you ""sort of think he's a piece of crap"" and all the reasons you listed apply to your mom as well since she had just as much of a hand in it. 

Unless you're justifying the cheating by saying your dad is an asshole?",1,17,20
40529,gcis22j_politics_random,"It’s almost like capitalism is a mode of production that is concerned only with generating profit, and could care less if mere humans actually enjoy their lives.",1,17,20
26152,fsa978d_everyday_random,"Thank you for apologizing.  I am not Arian but I was a bullying victim when I was young and to be honest, it still scars me to this day. Arian must have felt helpless and weak and just prayed that the day would come when he'd no longer be bullied/mind bullying at all. Thankfully, that day does come and his healing starts there. Apologies like yours bring the long process of healing to a full circle.",1,17,20
29624,fxk2p0s_everyday_purity,"Eh, thinking like this minimizes things and ends up being used to justify all sorts of horrible things. For instances this person is minimizing and justifying 1) Cheating and 2) Grooming.",1,17,20
19111,fdephjv_everyday_random,"The solitaire decks were created by legendary graphic designer [Susan Kare](https://en.wikipedia.org/wiki/Susan_Kare). Her other credits include the Command symbol, Clarus the Dogcow, the ""Happy Mac"", Lasso and Paint Bucket icons.",0,17,20
45710,gji5e23_politics_random,Of course they want to detain and arrest the political dissidents. Next comes the anti conservative laws and later the camps and rail cars. Last bit is a little much but the left has become too socialist.,1,17,20
43498,ggtddt1_everyday_random,"I distinctly remember having the blood pressure cuff and the syringe as a child, but I'm in the same boat. None of my siblings were even alive in the 70s",0,17,20
21162,fi9zkkk_everyday_random,"Your disgusting. No one forgets to wash their hands. There’s 2 types of people in this world, people who wash their hands, and Trash. You sir, are Trash.",1,17,20
29576,fxi1m57_politics_equality,She also actively hurt the gay community by preaching her alternative medicine cures to aids patients.,1,17,20
15169,dhjp07q_INCAS_random,"""“Our culture can no longer wall itself away from other cultures, as if under voluntary house arrest. We would not have the multiplicity of cultures, this amazing French cultural richness, which exists, by seeking to deny parts of it. French culture doesn’t exist in and of itself; there is no such thing as a single French culture. There is culture in France and it is diverse and multiple. And I will not exclude from this culture, certain authors or musicians or artists, on the pretext that they supposedly come from elsewhere."" -Macron

",1,17,20
24690,fp806ta_everyday_random,Holy shit I remember that compass and pretending I was lost in the woods in my basement,0,17,20
40766,gcw8ghf_everyday_authority,"Honestly it doesn’t matter. If it’s a kink thing, he’s a shitty partner because this is absolutely ignoring consent.

She did not consent to this. Period.

If you do kinky shit, you need to have the consent of the people who are there watching you do kinky shit, otherwise you’re involving a UNCONSENTING party.",1,17,20
8781,dgtl5vl_INCAS_random,"&gt; Yet this ignores the fact that the vast majority of the attacks carried out in France have been by French-born citizens, not immigrants, who in most cases have been radicalised in French prisons, not in mosques. Does Le Pen have an answer for this?

It makes sense to stop the importation of more Muslims if the previous batch of imports has terrorist offspring.

I don't understand why people think 'Born in EU' is an excellent argument. The fact that those terrorist where born in the EU makes things so much worse.
",1,17,20
8828,dgtpmzs_INCAS_care,"Yup, germans seem to be especially bad when it comes to understanding this (but to be fair: people generally are regardless of nationality). We are merely outraged at Brexit, Le Pen, Trump, AFD &amp; co. but we don't really question why they are so popular, beyond calling the people that vote for them stupid at least (great tactic, ehr? /s).

I think all of the aforementioned are ridiculously stupid btw but there is a reason people are voting for them, even intelligent people. ",1,17,20
4373,dg11no7_INCAS_equality,"So what is Le Pen going to do against those evil muslims murdering gays?

Because the evil islamophile socialist goverment you have right now gave no fucks about refugees already and took only a token amount, I seem to remember that the number was 30k at some point.

So what kind of evil islamophile policies are you trying to fight by voting FN?",1,17,20
17470,dir0d30_INCAS_random,"I dont want to doxx myself, but let's just say that Macron's guy has been accused of Domestic violence in the past and is blatantly unexperienced and I dont want to vote for that. ",1,17,20
40931,gd5ytrj_everyday_equality,White savior complex. They think queer people have to run to white cultures to escape their “backwards” and “regressive” native cultures. As if white Christians don’t routinely reject their queer children.,1,17,20
40907,gd2v0zd_everyday_random,"You need to wake up to the fact there are people who can be charming and caring to your face, make you feel as if you are the only one who matters, then turn that charm onto someone else the second you are out of sight. Just because he makes you feel good about yourself doesn’t make him a good person or a trustworthy person.",1,17,20
28165,fvvt2xx_everyday_random,"I truly don’t understand where you’re coming from. Like at all. I think you’re being insanely ridiculous. 10 years ago, while she was in her 20s she was an entirely different person. Clearly if she’s in a monogamous marriage with you now that’s not the life she wanted for herself long term. She chose you. She married you. She had a child with you. And now you’re losing your mind for no good reason. 

At least consider couples counselling to get an impartial third party’s opinion. After so many years you owe her that.",1,17,20
33487,g3g6o7e_politics_random,John just thinks it makes him more deserving of a good life than you. That’s all. It is right to cringe at this.,1,17,20
2219,de05u69_INCAS_random,"""Someone who disagrees with me did something wrong. Time to assume that *everyone* who disagrees with me is wrong in that way!""

If you see a right-winger make an offensive joke, do you think, ""All right-wingers are like that, including me""?

Anyway I never said I hoped it would happen...just a joke tying together recent events involving French cops. All I truly *hope* for regarding Le Pen is that her movement fails, and that she disappears into obscurity.",1,17,20
45381,gj49lqz_politics_proportionality,"&gt; With a police state wasting money, facilitating gang revenue, and oppressing innocents through enforcing prohibition on gambling, prostitution (and drugs), you will lose the libertarian crowd.

FIFY",1,17,20
24427,fooxosd_politics_authority,"The government has always been the enemy. The Constitution wasn’t written so the government could give us rights. It was written specifically to limit government power. That is it’s entire purpose.

Example: The first amendment doesn’t come from the government. Freedom of speech wasn’t given to us. It simply states that the government can’t take it away...
and the 2nd amendment is the insurance to guarantee that the government doesn’t ever take that and every other right we have away. Without the 2nd amendment, the Constitution is no more than a pile of papers.",1,17,20
8851,dgts0fn_INCAS_proportionality,"So Le pen is much stronger with an electoral college vote. I believe it's because the electoral college gives more power to smaller regions/states. It's often the case that poorer regions are also the less populated, because people from those areas migrate to the richer parts of the country. And one thing that we know is that poorer citizens (and therefore smaller regions) tend to vote for populist parties cause they feel they are not supported by the establishment (while populists promise them unrealistic simple solutions). If you really want to defeat populism you need to reduce unjust inequalities.",1,17,21
35628,g707va7_politics_loyalty,"DeJoy’s Treason against the US will tarnish his family name throughout history.  

That Traitor should be in prison!",1,17,21
37086,g8ep7qu_politics_proportionality,be careful! there's nothing morally wrong with this but it's super risky,1,17,21
9419,dh0tm2t_INCAS_proportionality,"that's stupid. i don't even want to know why macron thinks that, because it's right. it's like when somebody says: ""people who violate rules should be punished"". we don't need to clarify *why* this is important. it's just logical.

poland breaks the rules, poland should be punished. simple. easy. rational.

we're talking politics here, not philosophy.",1,17,21
22402,fkeqnz7_everyday_equality,How dare people vocally promote equality. That should only be discussed in private.,1,17,21
33839,g41fsv5_politics_loyalty,"You are downvoted for supporting a true war hero. He had the opportunity to be released from the POW camp because of who his father was, but he refused. He was going to stay with his men no matter what. These ""conservatives"" turn their back on war heroes just to support Trump. They have lost all integrity. All about supporting Trump, morals do not matter whatsoever.",1,17,21
21044,fi0lxn7_everyday_random,If you love me.... is MANIPULATION and not a healthy way to deal with your partner ever,1,17,21
21020,fhxdg5g_politics_proportionality,"They criminals, but they're still human. They've never ceased to be human, no matter how atrocious their crimes.

A justice system based on punishment rather than reform is inherently broken.",1,17,21
36875,g843lyv_politics_loyalty,"They only want liberty, peace, and prosperity *for themselves*.

White men are becoming a minority, and if we have a democracy they can't keep the liberty and prosperity to themselves anymore.",1,17,21
7634,dgo78oy_INCAS_equality,You didn't answer my question. How exactly do Le Pen's views (not her father's) threaten our civilization? Do you think massive unchecked immigration of people who have no intention of assimilating to our culture is *not* a threat to our civilization?,1,17,21
28425,fw021j9_politics_proportionality,"I hate agreeing with you, but the evidence is overwhelming.

It sucks.  Why can’t a reasonable, straightforward type appealing to people as so right e who can lead their communities?",1,17,21
25988,fs1zlfy_everyday_random,I can still the noise it made when you tapped an ice cube with the little hammer.,0,17,21
30613,fz6zram_politics_random,"You have accepted the income inequality is actually an issue.  It isn't, the only people obsessed with the idea are the greedy and jealous.  The simple fact is nothing has done more to eliminate poverty in the world than capitalism.",1,17,21
36807,g80ywfz_politics_proportionality,"Hold up, your forgetting the Hispanics, Asians, and Pacific Islanders, and Native Americans. There needs to be an equal amount of players for each race/ethnicity!",1,17,21
35298,g6fdunj_everyday_purity,You're such a pure mind. Hope you enjoyed your day off.,1,17,21
10936,dh7g1mx_INCAS_care,"She's the worst kind. Socially racist ([calls for a ban on immigration bc brown people scary](http://www.independent.co.uk/news/world/europe/french-elections-latest-marine-le-pen-immigration-suspend-protect-france-borders-front-national-fn-a7689326.html), party has [issues with Holocaust Denial because of its very real literal Nazi past](http://www.independent.co.uk/news/world/europe/front-national-leader-jean-francois-jalkh-marine-le-pen-louis-aliot-quits-nazi-gas-chamber-deny-a7706971.html).) and also economically stupid ([protectionism, lowering retirement age](http://www.bbc.com/news/world-europe-39705744)).

Anybody who thinks that Le Pen is ""Left"" needs to get their head examined. ",1,17,21
20454,fginzt2_everyday_care,Oh my god what a memory you've awoken in me.,0,17,21
42835,gfupezj_everyday_purity,"NTA. She's being absolutely ridiculous and making a BOLD assumption about the feelings of others.

Cultural appropriation is an issue. Of course. BUT, cultural appreciation also exists. You two are married. You're blending your beliefs and customs into a healthy, respectful mix. 

You two are doing absolutely nothing wrong.",1,17,21
13083,dh9bqgn_INCAS_loyalty,"As an American I want to say thank you to the French people for standing up to fascism. You've been our ally since before our country was independent. Hell without you guys we wouldn't be here. Anyway, we've been your ally before and we will continue and be your ally again. Congratulations to you guys and to Macron. Vive le France! ",1,17,21
35228,g6a02fw_politics_purity,I am sure not every nazi was antisemitic but that doesnt make nazis any less antisemitic. If you support a racist you are just as guilty of being a racist as the racist themselves. Every trump voter is therefore racist.,1,17,21
39321,gb7qso6_everyday_care,"He isn’t worth it sweetheart,if the dude can’t respect your boundaries then quite frankly he doesn’t respect you. Stay safe love hope everything goes well.",1,17,21
18102,dizzt1z_INCAS_care,"How about letting the citizens decide where their tourism dollars go, you angry little penis?

I know a lot of people that made sure to go to Cuba before Trump took power, they say it was pleasant if not a bit surreal as to why we would give a shit about or vilify Cuba politically. It seems like a ploy to prey on the fears and misconceptions of the elderly.


",1,17,21
26482,fsuap6w_everyday_care,"Definitely emotional abuse, definitely he has a fetish related to your traumatic past.

Leave him.",1,17,21
34946,g5obu33_everyday_random,"NTA.  You are a child and should not be paying the electric bill.  Your parents want to keep you down.

They won’t help with college and won’t help you save.  They are horrible.  I would never take a dime from my child.

You need to find a way to keep your money.  Do you have friends or family you can stay with?  You need to save your money for a car or college.

Your parents aren’t teaching you anything- they’re selfish and greedy.",1,17,21
41919,geni39c_everyday_equality,"Believe it or not, I just had to look down to see that indeed, it is no longer like that at all.",0,17,21
31296,g05fabr_everyday_care,"I feel so scared for the future women the brother stalks and potentially hurts :( actions like this only escalate, especially as he hasn’t faced any legal consequences. He’s one frightening man.",1,17,21
25420,fqoqmxc_politics_random,LA is getting EXACTLY what they keep voting for. I am sick of being expected to care about any of this. Every single rat infested hell hole overrun by broken homeless people and now drowning in virus in this country is totally run by progressive democrats who only specialize in spending money for no return and blaming other people primarily republicans who have no power in any of this. And somehow the voting base in these cities just keep moving left and left and left. Screw them. They are getting EXACTLY what they wanted.,1,17,21
45498,gj7ei4y_politics_proportionality,Wage slaves selling you tortured animal flesh for rich businessmen that donate money to homophobic organizations. Nice :(,1,17,21
38782,gajuah2_everyday_care,"NTA. Food safety should be taken seriously, especially during an outbreak. If you feel uncomfortable sharing food then that's more than okay. You showed kindness by offering to help others and teach them. No one else seems to have had a problem.",1,17,21
6684,dgnib8n_INCAS_care,"How does it not register with people that the ones performing (or at least the ones funding and instigating) those attacks are doing it precisely in the hopes that people will elect leaders like Le Pen and Trump, people who divide us, who alienate Muslims and other minorities, who lessen the strength and unity of western powers while also driving Muslims and others away (and those instigators hope, into their arms)? 

It's bloody obvious and yet the people voting for them imagine they are spitting in the eye of Isis by doing it. ",1,17,21
38711,gacwfwj_politics_authority,Let's use criminals as an excuse to loot. Fuck BLM and Antifa fucking Anarchists,1,17,21
20336,fgakbvg_politics_proportionality,"People don’t just think it’s okay, they literally think it’s what you deserve for being poor.",1,17,22
11362,dh7yv8d_INCAS_random,Have you visted r/Le_Pen ? It's mostly english and what isn't English is just google translate oroJe Suis ~~Charlie~~ Le Pen/France.,0,17,22
34330,g4nzcul_politics_random,We're on to you and your critical theory. We know that when you mean white supremacy you are simply using it to demoralize our way of life. It's one of the 4 steps needed to subvert our country into collapse. We've seen Yuri Bezmenov's lectures and his warnings. Calling things and items white supremacy with absolutely no basis holds no power for we know you're just communists or their useful idiots.,1,17,22
25278,fqfibfn_politics_care,"I hate how they screech about suicides, but do not give a single fuck about anyone who dies from COVID19. It’s so transparent but arguing against bad faith is so impossible",1,17,22
10982,dh7hong_INCAS_random,"YES! Someone who understand! If Macron win the females will be removed from their safety in the kitchen and out into the dangerous city! Who knows what will happen to them!

Keep them safe in the kitchen and vote Le Pen!   

^^/s ^^duh",1,17,22
44182,ghjslax_everyday_care,They were real shitty but I loved them so much.,1,17,22
20290,fg3p1qn_everyday_authority,"Please read this article here, it can literally cost your child’s life if you let people with cold sores kiss them: https://www.dailymail.co.uk/news/article-6050737/Parents-13-day-old-baby-died-common-cold-sore-virus-make-plea-awareness.html

The risk waaay outweighs the temporary upset you might cause to a relative. Honestly, this is such a reasonable request to make that I would resent that relative if they were offended by that.",1,17,22
3194,deu94ti_INCAS_loyalty,"She is a right winger who promotes right wing ideology and pretends the Left is persecuting her when they criticize her.

Her ideology is bad. Her comments are hateful and Trump-like.

I dislike Trump, Le Pen, Wilders. Why would I like someone with their hateful ideology just because she's an ex-muslim

",1,17,22
23535,fmgzz8w_everyday_random,They were always t-mobile only unless you got it unlocked which back then was a huge deal.,0,17,22
11598,dh8nvgl_INCAS_purity,"And it's also dumb as hell.  Hey, do you know why we don't want another world war like World War 1?  Because we all have nukes now and can annihilate ourselves and our planet into oblivion!!!   And Le Pen is one of the most openly hateful politicians I have ever seen in my lifetime, I'm legit scared of what she could do with power in her hands.",1,17,22
38193,g9ncyai_politics_equality,"Ironically, Jeff Bezos' contribution to society is extremely negative. Amazon, by virtue of reducing the amount of social interaction, makes our society as a whole more hostile and less cooperative",1,17,22
35487,g6r8aue_politics_loyalty,Brainwashed man. How evil that he was brainwashed to think that.,1,17,22
32073,g1mo3ys_everyday_loyalty,"That's not how it works. You can have an opinion that black people are criminals, that's still fucking racist though - can't deny that by playing the 'opinion' card. Quite frankly your opinion is outdated, sexist, and victim blaming.",1,17,22
37555,g8tfreu_everyday_random,"It’s good that it’s trendy now, though, no? Now the poor kids of today are less likely to get made fun of. Thanks to the thrift shopping trend, kids who are currently poor and have no choice but to thrift can do so without shame. It absolutely sucks for the older generations who were made fun of for being poor and thrifting, but think about it as if you’re a poor kid right now.",1,17,22
32097,g1ms9f4_everyday_random,"Shit.  I'm guessing you never dated someone Hispanic, because my family is like that on both sides.  One you marry in, you're family.  Every weekend drinking.  Constant dinners and visits.  Big ass family reunions. Etc.

Now, I will say you said your piece about wanting some alone time.  Your MIL should have respected that and your wife.  Even in Hispanic families, the wife sticks up for her hubby.",1,17,22
1588,ddnnn4m_INCAS_authority,"Richard Spencer LITERALLY advocated black genocide. He minced no words. He has since deleted the article, but these people do fucking believe that shit. So no, stop saying that this shit is being exaggerated because it looks bad, because it's the fucking truth. And before you go 'but Richard Spencer has nothing to do with Le Pen', they share the same mindset and the 'Alt-Right movement' is an intercontinental one.  

And of course people are pissed with the governments for doing that. That DOESN'T mean we should fucking election insane people to replace then. Jesus. ",1,17,22
46745,gkvabnw_politics_equality,"Fucking shocking that with all the problems America is dealing with today, Biden and Democrats are prioritizing illegal immigrants. We can be a compassionate country without admitting every person who crosses the border. As it stands right now, halting deportations is extremely *dis-compassionate* to American citizens.",1,17,22
29904,fy37l0m_politics_authority,I agree. Christianity is not a Jewish religion despite the fact that they believe in the Abrahamic god. Jews should be protected because human lives matter and should be preserved at all costs.,1,17,22
4041,dfvb7zb_INCAS_authority,"Le Pen is the unfortunate result of people being angry, racist, and blaming anyone else's for its problems. That disturbing phenomenon should never be allowed to rule a country. ",1,17,22
27905,fvo6zck_politics_care,"Which is wild to me because the fight for social safety nets and UBI is precisely tailored to help uplift morons like them.

But they think they pay more taxes than the Liberal cities and educated professionals so they would rather rot than have their hypothetical tax dollars to go to helping other poor people.",1,17,22
37816,g93uual_everyday_random,"I find this really disgusting. If you were okay with doing all of this then I'm not sure how much you can change after that. I don't know, but I hope he's doing okay and I hope you never did anything similar.",1,17,22
37864,g98dpk9_politics_authority,"If you can justify the beatings, killings and burning/looting going on then you are fascist and evil. The very things you accuse Trump and his supporters of. You have driven moderates out of the party with your seething  hatred. It’s has made so many of us life long republicans. Thank you for that.",1,17,22
46320,gk8r8bv_everyday_loyalty,"There's nothing more annoying than seeing people who have established reasonable boundaries be expected to capitulate to someone's demands or be labelled an asshole.

It's ridiculous, and I'm glad my therapist helped me realized that there's nothing wrong with establishing and enforcing my personal boundaries.",1,17,22
46365,gka8u2o_everyday_random,"IMO NTA but maybe technically ESH? I don’t think you’re an asshole at all but I guess it would’ve been better just to own up to it, she didn’t deserve an apology or anything of the sort but I can’t commend lying to everyone, still, can’t fault you for it at all, she sounds like a racist dick",1,17,22
30329,fyob760_everyday_purity,"I really, really sincerely hope this is a troll post. Because if it's not, you're one of the worst human beings alive.",1,17,22
13273,dh9fxnh_INCAS_proportionality,"Le Penn more than embodies the politics of exclusion and downright human removal that fascism stands for. She might not be a thesaurus fascist, but she's certainly a kind of fascist. ",1,17,22
35367,g6lxhi2_everyday_equality,I’m not sure what rock you live under but blatant misogyny and sexism is unacceptable especially in college. She could have reported you and there’s a high chance you would’ve been barred from debating. Are you trolling or genuinely this naive?,1,17,22
2337,de1dzs3_INCAS_proportionality,"I would also add that it is not just a scarf. It goes beyond respecting local tradition and culture as hijab is a religious symbol. Asking a foreigner to embody and accept religious value that they don't share is completely rude and disrespectful, and Le Pen clearly did the right thing here.",1,17,22
2361,de1mlbt_INCAS_authority,"If that's the sequence of events that took place then yeah for sure its a publicity stunt. Le Pen has been gaining some media traction and this for sure has boosted that. I still don't believe that the headscarf should be required nor do I blame Le Pen for not wanting to wear one, but if your statement is true then its for publicity. I have a hard time calling this manufactured since I still believe someone needs to stand up to the idea that we should respect other cultures/religions to the point where we debase our own personal freedoms",1,17,22
31437,g0oic6i_politics_loyalty,I reported a few of the posts that literally call for violence against people. They’re so delusional that they call for fascism and violence against people while calling themselves anti-fascist lmao,1,17,22
26983,ftmbkod_politics_loyalty,"yea well if you're a fucking intentionally divisive ass-hat motherfucker who betrays his oath every day, who has no shred of decency, no morals at all, while the country you're supposed to be leading is protesting the police brutality and racism in this country, both things you embrace... all while the country is being ravaged by a pandemic you tried to wish away... 

it will happen. rot with it Donny.",1,17,22
44841,gijlhfs_everyday_authority,"He’s abusive, it’s time to leave. 

Not figure out a way to justify it.",1,17,22
19796,festmtc_politics_authority,"It's disgusting. According to this idea, the poor should be starving ascetics while anyone born into wealth is blessed by God. If the morons who believe this want to buy into the old-school Protestant Ethic, they should also adopt the old school ""render unto Caesar"" Protestantism and stay out of politics",1,17,22
38877,gap8p81_politics_random,You're a shitty person if you realise how bad the situation is and choose to have a kid to continue the cycle,1,17,22
24286,fo2w8ug_everyday_authority,"Go see a therapist Brody, if you're constantly having irrational thoughts that could cause other people grief, get help.",1,17,22
16215,di7oelu_INCAS_authority,"Macron should call on himself to protect Gay Saudis, and gays of every other country he is allied with that does the same! and protect gays from the rebel mercenaries he supports that throws gays off of buildings and beheads them etc!",1,17,22
6615,dgnhqkb_INCAS_random,"The problem is that Le Pen is not the solution, she'd just destroy more stuff. Islamic terrorism is a problem, a serious one at that, but breaking up the foundation of the house to fix a leaky roof is a bad idea.",1,17,22
29014,fwrug14_everyday_proportionality,Serious question for smokers: how do you empty those things?,0,17,22
42247,gf4fb13_everyday_loyalty,Oh god. Just stop fucking him. That’s so gross and it made me want to vomit.,1,17,22
19633,fekbdmn_everyday_purity,"Yeah, clear consistent communication is key for any issue with kids (obviously keeping things age appropriate). I feel like the problems OP is having stem from growing up in a repressive environment where everything was taboo to talk about. It sounds like he still can’t differentiate between a normal sexual activity like private fantasies and bad sexual behavior like touching people without their consent. It’s really sad that someone would be this confused and misinformed in this day and age. Predators rely on us being too uncomfortable to talk about things, enough is enough.",1,17,22
38499,ga7kk3o_everyday_care,"Never mind, this guy seems beyond repair if he’s trying to catfish young kids. Fucking disgusting",1,17,22
26746,ft74fc6_everyday_authority,"If a guy told me to “enjoy a meal without any drama” I would want to get up, walk away, and never come back. Your paying for the meal can create an unequal power dynamic, a sort of obligation, even if you don’t intend for that. Yes, you’re both being stubborn, but but you’re doing it for the sake of your ego, while she is likely doing it for independence, equality, etc. If she needs you to pay, she’ll let you pay.",1,17,22
25184,fqa84or_everyday_random,"Do what you need to do to survive but please be safe. And when you’re out and your life is better, I want you to hold compassion for yourself  for doing things for your survival. Sending love.",1,17,22
44675,gibipbh_everyday_care,"YTA / YWBTA. Your DOCTOR is giving you MEDICAL advice for your health during a PREGNANCY. Sorry it hurt your feelings. I imagine the pregnancy hormones made or hurt a little more, but they are trying to do what’s best for you and the baby. Let it go yo.",1,17,22
44653,gia2y44_everyday_authority,Why would anyone want to save this marriage? He’s already acting emotionally abusive and enabling abusive behavior by his sister. Abuse is past the point of no return.,1,17,22
20010,ffcgcif_everyday_random,"Boss makes a dollar while I make a dime, that’s why I shit on company time",1,17,22
38993,gavshi1_everyday_care,"Yes, YTA. 

You shouldn’t snap at anyone is public, because it’s bullying behaviour. And when it’s your significant other, she deserves your respect and courtesy.",1,17,22
38406,ga3n6mq_politics_random,"Look, we had Trump a couple months ago say he wanted Americans to ""learn to live with it"" and that ""herd mentality"", see herd immunity for those paying attention, was the path forward. That was their plan all along.

In the last debate Trump said ""People are learning to live with it."" To which Biden responded, ""People are learning to DIE with it"". Which I thought was a clever one liner that would actually stick in people's minds. 

They. Dont. Care. About. You.

Or me. Or anyone. They are safe in their bubble and fuck everyone else.",1,17,22
34781,g5gx17n_politics_authority,"They don’t care about the adverse effects when they do experience it. It’s bout being loyal and true. 

Another good one the right use is “If you don’t stand for something, you’ll fall for anything.” This one basically explains that the right don’t approve of most things they do, all they know is they follow the rules and hate socialism. It feels right to them to be blindly loyal.",1,17,22
31273,g04w3jj_politics_proportionality,"Power corrupts both individuals and corporations.  That's why anti-trust and anti-monopoly are so important.  Where there's excessive power there's excessive corruption.  It's practically a law of physics.

Combined with politicians whose primary job is to secure campaign funding, this produces the revolving door.  Our system doesn't merely tolerate corruption, it encourages it.",1,17,22
2694,defmsft_INCAS_authority,"I'm not sure which side you are taking with your comment, but that girl got punished because she literally told someone to kill someone else. That is not political speech. 

That's like saying you want to shoot up a school, that's not political speech, that's you threatening an illegal act.   

Marine Le Penn did not say 'go kill the  muslims, my followers'. ",1,17,22
34497,g514tlf_everyday_care,"Your a horrible person, and  deserve the same thing to happen to you.",1,17,22
35981,g793ly0_everyday_random,Wasn't there also a treasure chest like this? I haven't thought about them since I was a kid.,0,17,22
32590,g2d6exu_politics_equality,"""I want a strong border to protect future generations""

""You have no empathy you selfish racist bigot.""",1,17,22
36735,g7yibiv_everyday_care,"I am terribly sorry that that happened to you, nobody deserves that. But that’s just proving their point that being related by blood doesn’t necessarily mean much.",1,17,22
4891,dgbesfs_INCAS_equality,"Le Pen got wrong, and any idiot who thing it is right, is breaking international order, spreading lies and disinformation, violated integrity of a border and doing nothing but a state sponsor terror of superiority. ",1,17,22
29268,fwydrp7_everyday_random,This. Outing her could put her in actual danger from people in her life if they have ugly opinons about this stuff. The only safe thing is tell her privately.,1,17,22
41756,geb6od4_politics_authority,"Well, for one, breaking the law usually has consequences. Just because you think someone deserves an ass whooping doesn't mean said ass whooping isn't any less assault. Your entire stance here seems to be about ignoring the law because CNN is scummy. I get what you're saying, but the original post wasn't about restraint, it was about caution. In that context it makes your statements seem foolish, almost goading people to break the law.",1,17,22
5056,dgdihfi_INCAS_random,Melenchon supported and excused Russia's actions in Ukraine. This is unjustifiable no matter how much you try to muddy the issue. He is a evil puppet of his evil imperialist puppetmasters in Moscow.,1,17,22
41545,ge210ar_politics_care,"He’s such a pathetic person, I would pity him if I didn’t despise him so much",0,17,22
41166,gdfycbk_everyday_random,"&gt; pull out of that

I see what you did here",0,17,22
1332,ddg1rq0_INCAS_loyalty,"I want this antidemocratic oligarch coporatist lobbyist club defunded, removed and replaced. May real politicians like Trump, Farage and Le Pen be the spearheads for change. The EU reeks of regressive left cultural marxists and corruption.",1,17,22
7611,dgo7829_INCAS_random,"Quite the opposite actually.
 Hamon (PS candidate who got fucked in this election especially by Macron) said something like ""There is a difference between a political opponent and an ennemy of the Republic"". I find it not so bad that everybody can put rivalry aside so that we can continue living in one of the greatest country in the world.",1,17,22
7444,dgo0icu_INCAS_random,"Virtue signaling is stupid when done by random shiters on the internet. It has a lot of significance when done by a very prominent political figure. Le Pen is a shitstain for me but not bending over to a religion has a lot of significance to french people, including me.",1,17,22
14365,dhbi593_INCAS_random,"The fact that Macron is a mainstream politician is kind of the problem.  In case you didn't notice the economic policies of recent decades have resulted in skyrocketing inequality and serious employment problems, especially among young people.  So being a former banker that has the entire financial sector and a bunch of status quo politicians singing his praises is obviously not seen as a good thing for many people.  That doesn't mean they wanted to vote for Le Pen.  I'm guessing a lot of Americans felt the same way about Clinton vs. Trump.  I know I did.",1,17,22
24595,fp3s7og_everyday_random,"Don’t beat yourself up! Everyone is doing the best they can considering, well, life right now. That great suggestion above should set things straight unless she’s like a wacko religious lady who holds onto shit. You’ll be fine! 😉👍

Edit: Thank You to whomever gave me a Take My Energy award! My first ever, yay!",1,17,22
36384,g7lqvh3_everyday_purity,"I use these for acid indigestion! 

What are we gonna use em for???",0,17,22
38546,ga8gbgj_politics_care,"Can any politician friggin start taxing this guy already? Americans, your government is impotent against him. They’re pathetic.",1,17,22
26770,ft7kbuk_politics_loyalty,"Bro police unions are fucking insane. Incredibly influential and powerful and they love making everyone’s life worse. 


Compare that to other public sector unions...",1,17,22
5768,dgjgf9c_INCAS_random,are you really too dense to realize that one of the reasons for these attacks is to destabilize the country and allowing someone like le pen to take power? With le pen in power the country becomes extremely divisive and xenophobic creating hatred on both sides allowing them to recruit more extremists to their cause. You are literally playing into their hands.,1,17,22
32637,g2haazq_everyday_care,"Being vegan isn’t being “fussy about food” it’s an ethical stance about not wanting to eat animals or exploit them, what can’t you people get through your thick skulls about that?",1,17,22
28826,fwkz3a9_politics_random,"The American dream is a lie perpetuated by the elite to make the “regular” people work harder to make the elite even wealthier!  As they corporations stagnate wages, increase work load and cut benefits! Most Americans are constantly in the game of “one step forward - two steps back” by design",1,17,22
14102,dha95ky_INCAS_care,"A very important distinction I wish more people realised. If you're an adult, you can cut off your whole penis for all I care. But don't force these rituals on non-consenting children.",1,17,22
6707,dgniv80_INCAS_loyalty,"Oh goodie.  Russian bots are out tonight.  The National Front are actual Nazis.  They were the party of Vichy France.  Le Pen's father is a Holocaust denier and Le Pen herself did the same earlier this month by denying that the French helped carry out the Holocaust.  They hold despicable, anti-Muslim positions and I have heard many of her supporters call for genocide against Muslims.  I lived in France for awhile so I know what the National Front is... bigots and anti-Semites.  ",1,17,22
40883,gd0g505_everyday_random,Lifetime warranty + Costco's return policy... mom only had to pay for one backpack from the middle of jr. high school through high school,0,17,22
25682,fr57vva_everyday_care,"My boyfriend wouldn’t find it arousing to partake in a sex act where I’m physically not enjoying myself. 

How can OPs boyfriend even want to do this knowing their partner doesn’t like it?",1,17,22
46793,gkz4n06_everyday_proportionality,You are a fucked up asshole you don't deserve anything,1,17,22
22450,fkex911_everyday_purity,nirvana and Metallica - we will rock you (Feat 2pac and Eminem),0,17,22
37393,g8on0by_politics_random,"She sounds like she was promoted to her level of incompetence. Are you familiar with that idea? It means she was good at her last role, so they gave her this one. She’s bad at it, so she won’t be promoted again, so now your ex-coworkers have to deal with it until they quit, too. That’s why the workplace deserves democracy. These fucking people should be elected by the workers.",1,17,22
21374,fikyi59_politics_random,"Amazing, Bob's has always been high quality stuff. Glad the workers are now getting fairly compensated for that quality.",1,17,22
43355,ggk3o1g_everyday_care,"NTA. Your therapist is behaving unprofessionally and not doing their job appropriately. You do not owe them anything, you are a client.

I hope you find another therapist who is more informed about supportive, affirming therapy for trans people and you get what you need.",1,17,22
40623,gcmnp4d_politics_random,Does this mean MAD is no longer a thing anymore?,0,17,22
29717,fxufoho_everyday_random,For anyone wanting to recreate that tangy Friday school pizza at home! https://www.schoolpizzarecipe.com,0,17,22
15004,dhg4696_INCAS_random,Lol imagine if Le Pen could hire a special investigator in France ,0,17,22
45920,gju23aj_everyday_random,"ESH

Pranks are shitty things designed to hurt and humiliate
Your friend is shitty for trying to be a shitty MIL
You are an AH for not sitting her down and telling her to re-evaluate her behaviour towards her son and DIL before they cut her out of their lives",1,17,23
43569,ggz7i2g_everyday_care,"The fact that you feel bad about it is a promising start indeed. Looks like there's a conscience in there! So now get help to stop hurting your loved ones and strive for redemption whenever possible. Help the people you've wronged out in some way, get them gifts, or do something nice for them when you can.",1,17,23
47070,gldp1ri_everyday_proportionality,If some other type of magnetic interference messed with the screen in some way the degaussing removes that and sets it make to normal.,0,17,23
12568,dh95k78_INCAS_random,where else am I going to get my picture of Le Pen and 45?,0,17,23
45052,gipayms_everyday_random,This was back when they cut the V notch on top of the loaf and toploaded the goods.,0,17,23
32285,g1x3j28_everyday_care,Nta she should respect it’s a tradition and that it’s something you guys do to honor your dad,1,17,23
20501,fglr2ip_politics_care,"Especially after years railing against things like the ACA and arguing poor people don't deserve healthcare because ""free markets.""

Fuck him.",1,17,23
34827,g5io1mf_everyday_random,No shut the fuck up. You would NEVER say this if it was a woman. Stop separating male victims from rape victims. All victims of rape are valid regardless of gender. He was RAPED by a woman. That does not mean he should reconcile with his piece of shit wife. You would encourage the wife to leave the husband if only the genders were flipped and would encourage her to stay away from the husband.,1,17,23
38146,g9m2hdz_everyday_random,"Yes, when someone said “hocus pocus alamagocus.” Then if his hat came off he became a mannequin again.",0,17,23
31862,g1c1lma_politics_random,"I wish people in their late-50s, 60s, 70s weren't still working for survival and could just retire. It's sad to see them still dreaming of retirement. At work, some of them barely have any energy or have difficulty understanding the new technology that keeps getting pushed onto them. Many of them are resistant to adapting to changes at work which sometimes ends up with many of the new tasks/ additional workload being burdened onto the younger employees.",1,17,23
27433,fv2qt1n_everyday_purity,Your children owe you nothing. Choosing to have a child does not entitle you to anything. Especially if you're a big enough ass to purposefully destroy their stuff. Your children deserve a better parent.,1,17,23
29244,fwxsenj_everyday_care,"I had to scroll far too long for this comment. My heart hurts for her. Cheating or not, no woman deserves to be sexually assaulted; I hope she finds justice and healing.",1,17,23
26034,fs40518_everyday_random,"I remember the original post. The money is one thing. But you also damaged someone's reputation and her sense of fairness and justice in the world. 

Seriously, tell them. It might be difficult, but that kid deserves an apology from you. And even if you're forced to move or its awkward or weird - you'll feel better about yourself.",1,17,23
30447,fyxt6s9_everyday_random,"And girl....he left you and the kids WITHOUT ANY MONEY for days on end!!! He doesn’t give two shits about you or the kids.  He’s got other plans and they don’t include you. Dump his ass. Get child support. There are resources. You know you have to do this, if not for yourself, then for your kids. Don’t let them grow up seeing how their father treats their mother (like secondhand shit).",1,17,23
39062,gazs8lx_politics_care,"If people on our side actually did this, shame on them. This is sick and disgusting and no one on either side should ever do anything like this. Respect the dead and don’t be anti-Semitic",1,17,23
21536,firmfwu_everyday_authority,"You deleted and feel guilty bc its f*cking creepy af to take pics of people without their knowledge. Seems you have learned your lesson. If someone did see you and word spreads that your a creepy butt pic lover then that is what you deserve 🤷 Actions have consequences, my guy.",1,17,23
45191,gj0kz2a_everyday_random,"Put up or shut up. She called you out and she is perfectly fine doing what she's doing. She's almost 18 and she can date who she likes. Your controlling behavior is only going to drive her away.

I'm slightly concerned that your daughter knows you have a porn account though. You know incognito mode exists right?",1,17,24
27150,fup8idr_politics_loyalty,"I wouldn’t want to apologize for slavery. I’ll freely acknowledging how wrong it was, and I’m for abolishing the public display of the relics of those who wanted to continue to keep slaves.",1,17,24
44348,ghu6ssv_everyday_proportionality,"Explain why there’s a defined amount on a Tip? An optional, extra payment I decide if they deserve 

You cannot tell me what’s acceptable for not much service especially not tell me she is entitled to anything...",1,17,24
23487,fmbe6oq_politics_proportionality,Maybe I lack motivation because hard work is never rewarded properly and the economy is a scam designed to funnel money upwards at the expense of my mental health.,1,17,24
23416,fm7ekhu_everyday_purity,"Do you really want your best friend and soul mate to be someone who whines and nags and harasses you to perform a sexual act you hate and that causes you physical pain? Cause that’s a pretty low standard hun, and I think you deserve better. It doesn’t matter if he’s great in all other ways. This is bad enough to warrant the end of an otherwise good relationship.",1,17,24
26674,ft4nw8e_everyday_random,Looks like it might be a raspberry but I’m not sure,0,17,24
23344,flxj3io_politics_care,No one wants charity. What we want is solidarity and demonstration of basic human compassion in the face of a global fucking pandemic.,1,17,24
27713,fvfsd16_politics_proportionality,"""Minimum wage"" is whatever the ruling class in a given country decides it is, depending on the economic calculations they use. You can rest assured that whatever wage you're receiving, you're being exploited.",1,17,24
23061,fldm4ht_politics_loyalty,"People still justify slavery: wage-slavery.  It's not chattel-slavery, but it's still slavery since we're not being paid for our labor.",1,17,24
45662,gjg0k4l_politics_care,I'm diabetic and seeing my diabetic cohorts in the U.S suffer and die becuase they can't afford insulin is heartbreaking and infuriating. This shouldn't be happening.,1,17,24
22710,fkxwwxx_everyday_authority,Does anyone else think of Cruel Intentions whenever they hear this song?,0,17,24
22757,fkzhxg3_politics_equality,Leaders using that term further increases racism experienced by asian americans. Why not just call it Coronavirus?,1,17,24
4229,dfy4smn_INCAS_random,"We better stay neutral in that shitshow that is the Siryan Civil war. We should provide humanitarian aid, support the people attacked by the regime or by the terrorists and help to find a diplomatic solution, but let's not get involved in the actual war between Assad and the rebels.

Putin and Trump are both out of their minds, Assad is bad, most of the rebels are bad too at this point.

Hope the EU as a whole doesn't endorse Trump. Merkel and Hollande want just visibility. Destabilizing the mediterranean is against the European interests.",1,17,24
24523,foxu1z4_politics_proportionality,"Would you trust a surveillance system (which has the power to nudge police toward acting and enforcing laws in certain scenarios) to be free of racial bias if designed and directed by a man who has held significant racial bias in the past?

I’m fine with giving him a second chance, but justice authorities should 100% be reviewing and auditing those systems to ensure they’re not reinforcing the systemic bias that already exists in our justice system.",1,17,24
26554,fsvsoi8_everyday_care,"He is a disgusting human being if he beats you and he clearly doesn’t love you as much as you seem to love him. I would personally leave the relationship because he won’t change and you don’t have to change. There are so many better people out there, you’re bound to find your soulmate.",1,17,24
26506,fsutmua_politics_equality,"It's not a symptom, it's a method. Police brutality is actively used to enforce class division and it's specifically targeted at minorities to keep them lower on the social ladder.",1,17,24
28189,fvw9thl_everyday_random,He has a higher power position than her. He could've gotten violent or threatened her. If hes willing to grope her without asking permission then who knows what else he can do. A lot of people dont speak up out of fear of making things worse. She was in his vehicle in a place she didnt know. So please realize what sexual harassment is and educate yourself. You're part of the problem 💞💖,1,17,24
28378,fvzsj8u_everyday_loyalty,Telling someone to kill themselves is never ok. It’s not like OP is choosing this.,1,17,24
28521,fw4h47k_politics_purity,"I can see them just releasing these poor, traumatized kids with no help or adult supervision. Because it's the most fucked up hateful way to do it and that's trumps favorite method.",1,17,24
28682,fwfp0pd_everyday_purity,"Yeah, but it’s not homosexual...I can’t imagine anyone’s family or society would discriminate against them because they need a bond before sexual intimacy.",1,17,24
5888,dgk4fqt_INCAS_care,"This is a joke right? Le Pen wants to abolish gay marriage and gay adoption rights. The right, particularly the religious right, sees homosexuality at best as a disgusting aberration, at worst as a mental disorder that should be treated and eradicated.

Only left-wing social progressive movements respect the rights of LGBTQ individuals and fight for their complete integration in society without stigmatizing them.",1,17,24
29364,fx2ps0d_everyday_authority,He literally did rape you. You revoked consent and he kept going. I would be very stern with him that you will not be engaging with him if he cannot show you respect and understand what he did sad extremely wrong.,1,17,24
29457,fxdf4f3_politics_equality,The implementation of hate crimes is as blatantly racist as affirmative action,1,17,24
26294,fslaaqo_politics_loyalty,I couldn’t even read this all the way through without being disgusted. People claiming to be Christians yet spewing hate.,1,17,24
40694,gcrs4ag_everyday_random,NTA. What is wrong with your cousin? Why did she ever think it was okay to sleep with your ex? Does no one in the family care that they both betrayed you? What is wrong with people?,1,17,24
29741,fxwxw06_everyday_random,"NTA your family sounds awful! Don’t you dare apologise! Tell your grandma that you didn’t make a scene, the people who provoked you did. Maybe they should get punished. 

My advice, look after yourself. You deserve love and respect. If these people can’t even treat you decently then they don’t deserve you around",1,17,24
29857,fy20wl2_politics_proportionality,"Not excusing the gun shooting, but when will people realize “Black Lives Matter” doesn’t mean “Only Black Lives Matter”?

“All Lives Matter” isn’t a counterargument, it just deflects from the point of BLM, which is seeking equality.",1,17,24
9726,dh3ydv8_INCAS_random,Le Pen is a Nazi but that's no excuse for the sexism. It's too reminiscent of BernieBro attacks on Hillary.,1,17,24
30259,fym19s7_everyday_random,"I’m sorry dude that’s not fair to you. My mom tried close to the same thing with me and I haven’t spoken to her in months. It’s her loss, she will die alone. Unfortunately your siblings are feeding into his bullshit and that hurts my heart for you mom.",1,17,24
30353,fysynlw_politics_random,"And I hate the implication that you have to EARN your own time at the end of your working life, as though you have no right to enjoy your own life and free time unless you've put yourself through 50 years of hard work.",1,17,24
39985,gbz3y1c_everyday_random,"I had this NES cartidge cleaning thing. I'll see if I can find a pic online.

[Here it is.](https://vignette1.wikia.nocookie.net/earthbound/images/f/f8/NES_Cleaning_Kit.JPG/revision/latest?cb=20080517063249)",0,17,24
20853,fhka78x_everyday_proportionality,"Good for you. If it meant you escaped more of those black eyes, then it was fully justified. I hate abusive cunts- they deserve every bit of retaliation",1,17,24
25089,fq73e7b_politics_random,"“Marriage is just a few hours together every night” 

How sad that we value things and money over human relationships. I hate this planet.",1,17,24
30660,fza2co1_everyday_proportionality,"Just because many people try to use the bible to justify their disgusting views, that doesn’t mean it’s *supposed* to be that way. Churches are supposed to welcome all that come, love thy neighbour, don’t worry about sin because it’s God who judges you- not humans, etc",1,17,24
20547,fgpwki6_politics_loyalty,"Fucking bootlickers, all of them. They WANT a Trump monarchy.  All of them are traitors.",1,17,24
39655,gbhl0n3_politics_authority,"Congrats to the United States. I'm from India and this gives me hope that we too will, one day, vote out our authoritarian nationalist government. 
This isn't just a victory for you but for people the world over who believe in basic human rights and decency.",1,17,24
39631,gbgwhgw_politics_proportionality,"Fucking disgusting and disgraceful some pf these people have no shame, they’re putting an innocent mans life in danger to push their own dangerous agenda.",1,17,24
25893,frxhdji_politics_proportionality,Demanding people risk getting the coronavirus for less than $600 is so fucking typically right wing. Fuck that. They deserve better.,1,17,24
11029,dh7hpwd_INCAS_equality,"She's the worst kind. Socially racist ([calls for a complete ban on immigration bc brown people scary](http://www.independent.co.uk/news/world/europe/french-elections-latest-marine-le-pen-immigration-suspend-protect-france-borders-front-national-fn-a7689326.html), [party was founded by SS sympathizers](https://www.ft.com/content/181619a2-9cba-11e5-b45d-4812f209f861) and still [issues with Holocaust Denial because of its very real literal Nazi past](http://www.independent.co.uk/news/world/europe/front-national-leader-jean-francois-jalkh-marine-le-pen-louis-aliot-quits-nazi-gas-chamber-deny-a7706971.html).) and also economically stupid ([protectionism, lowering retirement age](http://www.bbc.com/news/world-europe-39705744)).

[""What makes Marine Le Pen far right?""](http://www.bbc.com/news/world-europe-38321401)

",1,17,24
39179,gb42ovo_politics_random,"There is no way you can convince me that Biden literally won this election. He is by far the worst candidate I’ve seen in my lifetime against an incumbent with a good record. 

If America actually put a corrupt, senile puppet up over an asshole with results, then this country is doomed.",1,17,24
31107,fzqwz1d_politics_purity,"Fuck this world. Bezos is like the richest person in the history of humanity, and only getting richer by the minute while millions starve. There are an incredible amount of resources to afford **everyone** on earth a dignified standard of living. We just live in a fucked up, disgusting hellworld. Fuck it. Fuck it all.",1,17,24
652,dcu9b29_INCAS_care,"You have to stop thinking that right wing extremists like Le Pen and the like really want something good for their country, let alone other countries. Truth is, they just want to see the world burn and if they can get some money out of it, they're more than happy.

I have never seen one of these politicians being willing to talk to the EU about what they consider to be problems. They don't want a solution, they want to gain votes and power by using emotional, hate filled propaganda.",1,17,24
19609,fejmsgi_everyday_equality,"What you did was wrong. however,the ones who should be blamed are the adults in the situation. 

You should have been educated about your body. You should not have been sharing a bed with the opposite gender when you are hitting puberty and have an interest in women. They should have TALKED to you.

This is sadly common from reading the comments. The fact that there are so many other boys confessing to this means as a society, we are failing our boys.",1,17,24
31675,g13hnbj_politics_authority,"Not even sure why I’m bothering...Local police respond to initial riots, arson, vandalism, assault, destruction of property, et al. Federal police respond to all of the above, but for federal property. Don’t like being called an anarchist and rioter? Stop all of the above. First amendment rights do not protect riots, arson, vandalism, assault, destruction of property...

edit: aaaand he ran. I really wish people would stop pussing out and just leave their comments.",1,17,24
13106,dh9c5ug_INCAS_authority,"Would just like to thank all the French people who voted for Macron. You have restored my faith in humanity, even if it will be crushed tomorrow. ",1,17,24
46697,gksiwi5_everyday_random,Bundle 1 and 2 like they did with Tony Hawk.,0,17,24
31979,g1flti6_everyday_equality,"When you’re 15 you should be able to tell that this is stupid and wrong. “You were a kid” isn’t an excuse for this potentially life ruining behavior. Not to mention how this completely removes consent from both parties involved when it comes to whether or not they want a child. It’s so incredibly fucked up, but I’m sadly not shocked there’d be people defending it",1,17,24
19159,fdhocnj_everyday_loyalty,My deep condolences I’m sure he was a good father,1,17,24
46769,gkxtzio_politics_random,Best way to get a good raise is to change jobs. Stop being so loyal to a company that would replace you in a heartbeat.,1,17,24
18995,fcwyi03_everyday_authority,??? Did Reddit just legalise casual racism? Why can't we all just treat eachother regardless of race? People like you are worsening the issue imo.,1,17,24
37133,g8fa423_everyday_equality,"100%. OP, you really need to stop and if you can’t stop yourself, go to therapy to try to change this behavior. It’s an invasion of privacy and downright wrong. Try OnlyFans instead for this fetish. Nothing wrong with having a fetish but please do not invade people’s privacy without receiving consent.",1,17,24
13676,dh9tu5c_INCAS_care,"Do you seriously expect nationalism and racism to go away, especially since Macron's neoliberal policies will inevitably widen the divide between rich and poor and exacerbate the very problems that made people look for a scapegoat in the first place?",1,17,24
32919,g2qiixd_politics_random,"Imagine if you were driving a Culligan delivery truck full of water past someone who's literally dying of thirst and not stopping to give them some water.

Now imagine Bezos being worth billions and doing absolutely nothing about the people in his country dying because of hunger, or lack of shelter, or not being able to afford healthcare or meds. 

It's the same damn thing.",1,17,24
32990,g2sz5pb_politics_purity,Voting for racism makes you a racist regardless of the reasons,1,17,24
36217,g7g9oxu_everyday_random,He was also on Reno 911 and...TIL was the voice of Rocko from Rocko's Modern Life. Word.,0,17,24
35910,g77m3g7_politics_care,"They want to be able to hide their bigotry behind something. I’m a lesbian and I have relatives who claim “religious freedom” in regards to opposing my civil rights.

What they don’t realize is one of my parents’ churches would happily allow me to marry my wife there. The bigots just want an excuse to be bigoted.",1,17,24
17914,diwuj9w_INCAS_equality,"This, much like phones that use conflict minerals, blood diamonds and oil are an example of how just protesting these things morally means close to nothing.

Purchasing these goods and supporting organizations like this is an active vote for slavery, war, and the exploitation of people and the environment.

Whether you support Trump or Bernie, Le Pen or Marcon.... your purchase is also a vote. 

This is the era where a Christian White Supremacist who buys an iPhone is more genuine than a genderfluid vegan pacifist who buys an iPhone.

",1,17,24
35391,g6nc50t_everyday_random,"Or the floorboard bit, why would that rattle to the point it'd shake a chandelier?",0,17,24
34733,g59lyle_everyday_random,"NTA. You were very generous covering her rent, utilities, and moving her stuff into storage. Friend's pay you back.",1,17,24
